Total Steps,Episode Reward
13.0,13.0
28.0,15.0
48.0,20.0
74.0,26.0
101.0,27.0
129.0,28.0
149.0,20.0
160.0,11.0
183.0,23.0
199.0,16.0
238.0,39.0
271.0,33.0
303.0,32.0
318.0,15.0
330.0,12.0
344.0,14.0
367.0,23.0
427.0,60.0
486.0,59.0
563.0,77.0
582.0,19.0
595.0,13.0
621.0,26.0
646.0,25.0
670.0,24.0
690.0,20.0
711.0,21.0
723.0,12.0
742.0,19.0
794.0,52.0
833.0,39.0
853.0,20.0
862.0,9.0
875.0,13.0
894.0,19.0
910.0,16.0
965.0,55.0
985.0,20.0
1015.0,30.0
1036.0,21.0
1059.0,23.0
1077.0,18.0
1091.0,14.0
1114.0,23.0
1146.0,32.0
1165.0,19.0
1191.0,26.0
1208.0,17.0
1250.0,42.0
1263.0,13.0
1303.0,40.0
1334.0,31.0
1363.0,29.0
1381.0,18.0
1395.0,14.0
1410.0,15.0
1425.0,15.0
1451.0,26.0
1469.0,18.0
1480.0,11.0
1497.0,17.0
1516.0,19.0
1531.0,15.0
1545.0,14.0
1560.0,15.0
1572.0,12.0
1603.0,31.0
1623.0,20.0
1648.0,25.0
1664.0,16.0
1675.0,11.0
1686.0,11.0
1699.0,13.0
1717.0,18.0
1729.0,12.0
1755.0,26.0
1770.0,15.0
1789.0,19.0
1821.0,32.0
1838.0,17.0
1878.0,40.0
1897.0,19.0
1910.0,13.0
1951.0,41.0
2003.0,52.0
2061.0,58.0
2075.0,14.0
2134.0,59.0
2160.0,26.0
2177.0,17.0
2189.0,12.0
2203.0,14.0
2217.0,14.0
2236.0,19.0
2270.0,34.0
2299.0,29.0
2321.0,22.0
2340.0,19.0
2350.0,10.0
2361.0,11.0
2373.0,12.0
2384.0,11.0
2398.0,14.0
2411.0,13.0
2426.0,15.0
2451.0,25.0
2490.0,39.0
2510.0,20.0
2533.0,23.0
2568.0,35.0
2606.0,38.0
2617.0,11.0
2662.0,45.0
2672.0,10.0
2688.0,16.0
2714.0,26.0
2731.0,17.0
2773.0,42.0
2787.0,14.0
2802.0,15.0
2822.0,20.0
2835.0,13.0
2845.0,10.0
2866.0,21.0
2912.0,46.0
2927.0,15.0
2982.0,55.0
3000.0,18.0
3013.0,13.0
3026.0,13.0
3037.0,11.0
3059.0,22.0
3071.0,12.0
3086.0,15.0
3115.0,29.0
3134.0,19.0
3171.0,37.0
3186.0,15.0
3204.0,18.0
3270.0,66.0
3300.0,30.0
3323.0,23.0
3335.0,12.0
3397.0,62.0
3420.0,23.0
3434.0,14.0
3486.0,52.0
3524.0,38.0
3548.0,24.0
3563.0,15.0
3605.0,42.0
3636.0,31.0
3655.0,19.0
3699.0,44.0
3719.0,20.0
3742.0,23.0
3764.0,22.0
3792.0,28.0
3863.0,71.0
3891.0,28.0
3916.0,25.0
3930.0,14.0
3965.0,35.0
3978.0,13.0
4039.0,61.0
4084.0,45.0
4100.0,16.0
4133.0,33.0
4173.0,40.0
4202.0,29.0
4217.0,15.0
4261.0,44.0
4309.0,48.0
4337.0,28.0
4371.0,34.0
4419.0,48.0
4439.0,20.0
4503.0,64.0
4515.0,12.0
4538.0,23.0
4556.0,18.0
4570.0,14.0
4613.0,43.0
4638.0,25.0
4648.0,10.0
4675.0,27.0
4687.0,12.0
4701.0,14.0
4718.0,17.0
4750.0,32.0
4771.0,21.0
4787.0,16.0
4798.0,11.0
4816.0,18.0
4832.0,16.0
4858.0,26.0
4878.0,20.0
4894.0,16.0
4911.0,17.0
4923.0,12.0
4953.0,30.0
4969.0,16.0
5021.0,52.0
5102.0,81.0
5117.0,15.0
5165.0,48.0
5211.0,46.0
5227.0,16.0
5253.0,26.0
5264.0,11.0
5300.0,36.0
5325.0,25.0
5342.0,17.0
5395.0,53.0
5440.0,45.0
5462.0,22.0
5474.0,12.0
5495.0,21.0
5521.0,26.0
5537.0,16.0
5590.0,53.0
5628.0,38.0
5654.0,26.0
5677.0,23.0
5720.0,43.0
5742.0,22.0
5756.0,14.0
5771.0,15.0
5795.0,24.0
5847.0,52.0
5913.0,66.0
5967.0,54.0
5987.0,20.0
6026.0,39.0
6105.0,79.0
6127.0,22.0
6143.0,16.0
6201.0,58.0
6229.0,28.0
6282.0,53.0
6309.0,27.0
6370.0,61.0
6403.0,33.0
6430.0,27.0
6559.0,129.0
6573.0,14.0
6629.0,56.0
6655.0,26.0
6676.0,21.0
6699.0,23.0
6716.0,17.0
6736.0,20.0
6752.0,16.0
6776.0,24.0
6808.0,32.0
6878.0,70.0
6919.0,41.0
7030.0,111.0
7068.0,38.0
7082.0,14.0
7103.0,21.0
7111.0,8.0
7130.0,19.0
7152.0,22.0
7200.0,48.0
7212.0,12.0
7247.0,35.0
7272.0,25.0
7350.0,78.0
7369.0,19.0
7449.0,80.0
7469.0,20.0
7501.0,32.0
7580.0,79.0
7651.0,71.0
7738.0,87.0
7749.0,11.0
7787.0,38.0
7806.0,19.0
7840.0,34.0
7874.0,34.0
7920.0,46.0
7953.0,33.0
7981.0,28.0
8030.0,49.0
8047.0,17.0
8096.0,49.0
8147.0,51.0
8184.0,37.0
8224.0,40.0
8251.0,27.0
8268.0,17.0
8293.0,25.0
8339.0,46.0
8369.0,30.0
8439.0,70.0
8466.0,27.0
8486.0,20.0
8518.0,32.0
8550.0,32.0
8570.0,20.0
8590.0,20.0
8616.0,26.0
8638.0,22.0
8667.0,29.0
8686.0,19.0
8741.0,55.0
8768.0,27.0
8821.0,53.0
8885.0,64.0
8901.0,16.0
8986.0,85.0
9022.0,36.0
9042.0,20.0
9091.0,49.0
9126.0,35.0
9169.0,43.0
9204.0,35.0
9239.0,35.0
9262.0,23.0
9283.0,21.0
9303.0,20.0
9427.0,124.0
9457.0,30.0
9499.0,42.0
9518.0,19.0
9538.0,20.0
9554.0,16.0
9582.0,28.0
9598.0,16.0
9655.0,57.0
9745.0,90.0
9769.0,24.0
9795.0,26.0
9859.0,64.0
9897.0,38.0
9911.0,14.0
10064.0,153.0
10118.0,54.0
10138.0,20.0
10157.0,19.0
10185.0,28.0
10215.0,30.0
10260.0,45.0
10273.0,13.0
10317.0,44.0
10338.0,21.0
10382.0,44.0
10426.0,44.0
10435.0,9.0
10454.0,19.0
10480.0,26.0
10517.0,37.0
10549.0,32.0
10563.0,14.0
10608.0,45.0
10646.0,38.0
10696.0,50.0
10713.0,17.0
10850.0,137.0
10901.0,51.0
10943.0,42.0
10966.0,23.0
10996.0,30.0
11116.0,120.0
11142.0,26.0
11170.0,28.0
11206.0,36.0
11222.0,16.0
11351.0,129.0
11411.0,60.0
11454.0,43.0
11566.0,112.0
11687.0,121.0
11700.0,13.0
11714.0,14.0
11796.0,82.0
11831.0,35.0
11948.0,117.0
12040.0,92.0
12053.0,13.0
12075.0,22.0
12135.0,60.0
12178.0,43.0
12267.0,89.0
12286.0,19.0
12314.0,28.0
12514.0,200.0
12542.0,28.0
12632.0,90.0
12705.0,73.0
12814.0,109.0
12886.0,72.0
12913.0,27.0
13052.0,139.0
13080.0,28.0
13142.0,62.0
13188.0,46.0
13211.0,23.0
13236.0,25.0
13281.0,45.0
13407.0,126.0
13486.0,79.0
13500.0,14.0
13521.0,21.0
13556.0,35.0
13617.0,61.0
13675.0,58.0
13741.0,66.0
13788.0,47.0
13886.0,98.0
13944.0,58.0
14036.0,92.0
14090.0,54.0
14120.0,30.0
14148.0,28.0
14183.0,35.0
14198.0,15.0
14210.0,12.0
14231.0,21.0
14260.0,29.0
14365.0,105.0
14411.0,46.0
14425.0,14.0
14528.0,103.0
14537.0,9.0
14561.0,24.0
14574.0,13.0
14610.0,36.0
14626.0,16.0
14647.0,21.0
14688.0,41.0
14878.0,190.0
14934.0,56.0
14961.0,27.0
15101.0,140.0
15191.0,90.0
15263.0,72.0
15277.0,14.0
15401.0,124.0
15414.0,13.0
15443.0,29.0
15458.0,15.0
15517.0,59.0
15581.0,64.0
15603.0,22.0
15803.0,200.0
15825.0,22.0
15880.0,55.0
15976.0,96.0
16028.0,52.0
16075.0,47.0
16180.0,105.0
16291.0,111.0
16331.0,40.0
16396.0,65.0
16534.0,138.0
16567.0,33.0
16589.0,22.0
16648.0,59.0
16747.0,99.0
16863.0,116.0
16935.0,72.0
17076.0,141.0
17110.0,34.0
17156.0,46.0
17299.0,143.0
17424.0,125.0
17458.0,34.0
17504.0,46.0
17520.0,16.0
17545.0,25.0
17564.0,19.0
17664.0,100.0
17810.0,146.0
17839.0,29.0
17868.0,29.0
17949.0,81.0
18013.0,64.0
18165.0,152.0
18333.0,168.0
18348.0,15.0
18460.0,112.0
18498.0,38.0
18698.0,200.0
18737.0,39.0
18773.0,36.0
18899.0,126.0
18916.0,17.0
19082.0,166.0
19170.0,88.0
19258.0,88.0
19299.0,41.0
19387.0,88.0
19402.0,15.0
19480.0,78.0
19525.0,45.0
19593.0,68.0
19689.0,96.0
19853.0,164.0
20020.0,167.0
20112.0,92.0
20225.0,113.0
20257.0,32.0
20322.0,65.0
20335.0,13.0
20505.0,170.0
20601.0,96.0
20633.0,32.0
20683.0,50.0
20698.0,15.0
20715.0,17.0
20730.0,15.0
20843.0,113.0
20923.0,80.0
21123.0,200.0
21211.0,88.0
21227.0,16.0
21250.0,23.0
21372.0,122.0
21495.0,123.0
21556.0,61.0
21589.0,33.0
21615.0,26.0
21779.0,164.0
21853.0,74.0
21891.0,38.0
21951.0,60.0
22151.0,200.0
22177.0,26.0
22265.0,88.0
22349.0,84.0
22375.0,26.0
22412.0,37.0
22544.0,132.0
22572.0,28.0
22738.0,166.0
22770.0,32.0
22885.0,115.0
22907.0,22.0
22972.0,65.0
23025.0,53.0
23077.0,52.0
23213.0,136.0
23235.0,22.0
23265.0,30.0
23309.0,44.0
23387.0,78.0
23485.0,98.0
23685.0,200.0
23747.0,62.0
23871.0,124.0
23981.0,110.0
24006.0,25.0
24066.0,60.0
24206.0,140.0
24301.0,95.0
24341.0,40.0
24371.0,30.0
24571.0,200.0
24748.0,177.0
24849.0,101.0
24897.0,48.0
24977.0,80.0
25041.0,64.0
25122.0,81.0
25232.0,110.0
25368.0,136.0
25470.0,102.0
25620.0,150.0
25695.0,75.0
25809.0,114.0
25954.0,145.0
26041.0,87.0
26080.0,39.0
26280.0,200.0
26480.0,200.0
26567.0,87.0
26750.0,183.0
26917.0,167.0
26998.0,81.0
27100.0,102.0
27204.0,104.0
27391.0,187.0
27506.0,115.0
27676.0,170.0
27698.0,22.0
27709.0,11.0
27852.0,143.0
27931.0,79.0
28103.0,172.0
28273.0,170.0
28342.0,69.0
28355.0,13.0
28555.0,200.0
28755.0,200.0
28777.0,22.0
28963.0,186.0
28989.0,26.0
29144.0,155.0
29236.0,92.0
29389.0,153.0
29561.0,172.0
29761.0,200.0
29821.0,60.0
29906.0,85.0
29924.0,18.0
29965.0,41.0
30165.0,200.0
30365.0,200.0
30565.0,200.0
30765.0,200.0
30805.0,40.0
30946.0,141.0
31146.0,200.0
31300.0,154.0
31419.0,119.0
31576.0,157.0
31776.0,200.0
31935.0,159.0
32064.0,129.0
32125.0,61.0
32243.0,118.0
32301.0,58.0
32501.0,200.0
32655.0,154.0
32734.0,79.0
32752.0,18.0
32905.0,153.0
32932.0,27.0
32978.0,46.0
33178.0,200.0
33378.0,200.0
33578.0,200.0
33778.0,200.0
33885.0,107.0
34085.0,200.0
34126.0,41.0
34323.0,197.0
34498.0,175.0
34551.0,53.0
34568.0,17.0
34612.0,44.0
34633.0,21.0
34833.0,200.0
34990.0,157.0
35190.0,200.0
35287.0,97.0
35487.0,200.0
35606.0,119.0
35771.0,165.0
35876.0,105.0
35984.0,108.0
36013.0,29.0
36106.0,93.0
36306.0,200.0
36506.0,200.0
36687.0,181.0
36744.0,57.0
36812.0,68.0
36839.0,27.0
36933.0,94.0
36976.0,43.0
36986.0,10.0
37008.0,22.0
37175.0,167.0
37190.0,15.0
37356.0,166.0
37491.0,135.0
37521.0,30.0
37583.0,62.0
37608.0,25.0
37622.0,14.0
37694.0,72.0
37832.0,138.0
37910.0,78.0
38085.0,175.0
38239.0,154.0
38254.0,15.0
38285.0,31.0
38396.0,111.0
38553.0,157.0
38753.0,200.0
38911.0,158.0
39022.0,111.0
39059.0,37.0
39106.0,47.0
39146.0,40.0
39214.0,68.0
39295.0,81.0
39445.0,150.0
39560.0,115.0
39760.0,200.0
39784.0,24.0
39855.0,71.0
40055.0,200.0
40093.0,38.0
40107.0,14.0
40162.0,55.0
40362.0,200.0
40538.0,176.0
40575.0,37.0
40775.0,200.0
40848.0,73.0
40881.0,33.0
40921.0,40.0
41104.0,183.0
41140.0,36.0
41308.0,168.0
41505.0,197.0
41524.0,19.0
41724.0,200.0
41924.0,200.0
42124.0,200.0
42324.0,200.0
42364.0,40.0
42390.0,26.0
42488.0,98.0
42688.0,200.0
42748.0,60.0
42912.0,164.0
43112.0,200.0
43312.0,200.0
43496.0,184.0
43696.0,200.0
43713.0,17.0
43800.0,87.0
43833.0,33.0
44033.0,200.0
44080.0,47.0
44236.0,156.0
44325.0,89.0
44525.0,200.0
44677.0,152.0
44777.0,100.0
44789.0,12.0
44875.0,86.0
45058.0,183.0
45082.0,24.0
45181.0,99.0
45327.0,146.0
45352.0,25.0
45468.0,116.0
45620.0,152.0
45781.0,161.0
45949.0,168.0
46100.0,151.0
46117.0,17.0
46317.0,200.0
46517.0,200.0
46717.0,200.0
46851.0,134.0
46889.0,38.0
47089.0,200.0
47289.0,200.0
47369.0,80.0
47415.0,46.0
47480.0,65.0
47508.0,28.0
47681.0,173.0
47841.0,160.0
48011.0,170.0
48096.0,85.0
48119.0,23.0
48305.0,186.0
48460.0,155.0
48528.0,68.0
48594.0,66.0
48624.0,30.0
48665.0,41.0
48865.0,200.0
49010.0,145.0
49054.0,44.0
49150.0,96.0
49216.0,66.0
49315.0,99.0
49515.0,200.0
49715.0,200.0
49915.0,200.0
50023.0,108.0
50223.0,200.0
50305.0,82.0
50467.0,162.0
50624.0,157.0
50716.0,92.0
50730.0,14.0
50819.0,89.0
50838.0,19.0
50972.0,134.0
50991.0,19.0
51124.0,133.0
51148.0,24.0
51197.0,49.0
51235.0,38.0
51391.0,156.0
51591.0,200.0
51791.0,200.0
51991.0,200.0
52191.0,200.0
52331.0,140.0
52454.0,123.0
52466.0,12.0
52484.0,18.0
52511.0,27.0
52711.0,200.0
52911.0,200.0
52959.0,48.0
53159.0,200.0
53192.0,33.0
53392.0,200.0
53472.0,80.0
53672.0,200.0
53872.0,200.0
54011.0,139.0
54211.0,200.0
54411.0,200.0
54468.0,57.0
54668.0,200.0
54779.0,111.0
54838.0,59.0
55004.0,166.0
55050.0,46.0
55076.0,26.0
55263.0,187.0
55356.0,93.0
55556.0,200.0
55756.0,200.0
55950.0,194.0
56057.0,107.0
56226.0,169.0
56417.0,191.0
56580.0,163.0
56627.0,47.0
56827.0,200.0
56954.0,127.0
57154.0,200.0
57354.0,200.0
57477.0,123.0
57555.0,78.0
57755.0,200.0
57955.0,200.0
58155.0,200.0
58326.0,171.0
58526.0,200.0
58647.0,121.0
58829.0,182.0
58893.0,64.0
59083.0,190.0
59277.0,194.0
59454.0,177.0
59476.0,22.0
59646.0,170.0
59834.0,188.0
59847.0,13.0
59990.0,143.0
60190.0,200.0
60229.0,39.0
60429.0,200.0
60534.0,105.0
60693.0,159.0
60893.0,200.0
61019.0,126.0
61166.0,147.0
61366.0,200.0
61411.0,45.0
61611.0,200.0
61717.0,106.0
61917.0,200.0
62117.0,200.0
62317.0,200.0
62517.0,200.0
62654.0,137.0
62820.0,166.0
62911.0,91.0
62924.0,13.0
63124.0,200.0
63324.0,200.0
63514.0,190.0
63714.0,200.0
63914.0,200.0
64114.0,200.0
64235.0,121.0
64435.0,200.0
64629.0,194.0
64829.0,200.0
65029.0,200.0
65046.0,17.0
65232.0,186.0
65244.0,12.0
65258.0,14.0
65458.0,200.0
65539.0,81.0
65732.0,193.0
65927.0,195.0
66113.0,186.0
66305.0,192.0
66444.0,139.0
66628.0,184.0
66763.0,135.0
66888.0,125.0
66904.0,16.0
66917.0,13.0
66935.0,18.0
66967.0,32.0
66980.0,13.0
67153.0,173.0
67353.0,200.0
67534.0,181.0
67734.0,200.0
67934.0,200.0
68134.0,200.0
68184.0,50.0
68384.0,200.0
68533.0,149.0
68733.0,200.0
68933.0,200.0
69133.0,200.0
69317.0,184.0
69517.0,200.0
69717.0,200.0
69873.0,156.0
70073.0,200.0
70193.0,120.0
70393.0,200.0
70531.0,138.0
70550.0,19.0
70720.0,170.0
70830.0,110.0
71030.0,200.0
71146.0,116.0
71346.0,200.0
71458.0,112.0
71658.0,200.0
71858.0,200.0
72058.0,200.0
72107.0,49.0
72307.0,200.0
72507.0,200.0
72591.0,84.0
72791.0,200.0
72882.0,91.0
73082.0,200.0
73282.0,200.0
73384.0,102.0
73584.0,200.0
73784.0,200.0
73821.0,37.0
73923.0,102.0
73938.0,15.0
74138.0,200.0
74338.0,200.0
74538.0,200.0
74738.0,200.0
74938.0,200.0
75138.0,200.0
75290.0,152.0
75490.0,200.0
75690.0,200.0
75890.0,200.0
75967.0,77.0
76149.0,182.0
76173.0,24.0
76310.0,137.0
76510.0,200.0
76710.0,200.0
76909.0,199.0
77109.0,200.0
77309.0,200.0
77509.0,200.0
77709.0,200.0
77831.0,122.0
78031.0,200.0
78231.0,200.0
78271.0,40.0
78285.0,14.0
78485.0,200.0
78685.0,200.0
78780.0,95.0
78980.0,200.0
79009.0,29.0
79160.0,151.0
79360.0,200.0
79451.0,91.0
79651.0,200.0
79851.0,200.0
79866.0,15.0
80066.0,200.0
80180.0,114.0
80380.0,200.0
80580.0,200.0
80780.0,200.0
80835.0,55.0
81035.0,200.0
81235.0,200.0
81360.0,125.0
81560.0,200.0
81760.0,200.0
81960.0,200.0
82160.0,200.0
82179.0,19.0
82329.0,150.0
82529.0,200.0
82729.0,200.0
82779.0,50.0
82822.0,43.0
83022.0,200.0
83222.0,200.0
83422.0,200.0
83622.0,200.0
83822.0,200.0
84022.0,200.0
84222.0,200.0
84386.0,164.0
84586.0,200.0
84692.0,106.0
84892.0,200.0
85050.0,158.0
85107.0,57.0
85307.0,200.0
85507.0,200.0
85707.0,200.0
85907.0,200.0
86107.0,200.0
86228.0,121.0
86240.0,12.0
86440.0,200.0
86618.0,178.0
86747.0,129.0
86947.0,200.0
87147.0,200.0
87347.0,200.0
87547.0,200.0
87602.0,55.0
87618.0,16.0
87630.0,12.0
87763.0,133.0
87963.0,200.0
88163.0,200.0
88363.0,200.0
88563.0,200.0
88763.0,200.0
88785.0,22.0
88985.0,200.0
89185.0,200.0
89297.0,112.0
89497.0,200.0
89517.0,20.0
89535.0,18.0
89735.0,200.0
89935.0,200.0
89991.0,56.0
90087.0,96.0
90287.0,200.0
90302.0,15.0
90502.0,200.0
90702.0,200.0
90876.0,174.0
91076.0,200.0
91153.0,77.0
91353.0,200.0
91547.0,194.0
91592.0,45.0
91792.0,200.0
91992.0,200.0
92192.0,200.0
92392.0,200.0
92490.0,98.0
92690.0,200.0
92890.0,200.0
93088.0,198.0
93288.0,200.0
93426.0,138.0
93626.0,200.0
93826.0,200.0
94026.0,200.0
94226.0,200.0
94426.0,200.0
94626.0,200.0
94826.0,200.0
94915.0,89.0
95078.0,163.0
95278.0,200.0
95478.0,200.0
95659.0,181.0
95806.0,147.0
95932.0,126.0
95944.0,12.0
96140.0,196.0
96153.0,13.0
96212.0,59.0
96412.0,200.0
96612.0,200.0
96812.0,200.0
97012.0,200.0
97212.0,200.0
97412.0,200.0
97612.0,200.0
97812.0,200.0
98012.0,200.0
98111.0,99.0
98311.0,200.0
98511.0,200.0
98711.0,200.0
98911.0,200.0
99111.0,200.0
99129.0,18.0
99329.0,200.0
99342.0,13.0
99542.0,200.0
99742.0,200.0
99942.0,200.0
100142.0,200.0
100342.0,200.0
100542.0,200.0
100742.0,200.0
100942.0,200.0
101113.0,171.0
101256.0,143.0
101275.0,19.0
101290.0,15.0
101466.0,176.0
101486.0,20.0
101670.0,184.0
101696.0,26.0
101717.0,21.0
101904.0,187.0
101922.0,18.0
102122.0,200.0
102274.0,152.0
102444.0,170.0
102608.0,164.0
102636.0,28.0
102795.0,159.0
102949.0,154.0
103117.0,168.0
103138.0,21.0
103332.0,194.0
103495.0,163.0
103613.0,118.0
103786.0,173.0
103929.0,143.0
104064.0,135.0
104077.0,13.0
104261.0,184.0
104426.0,165.0
104593.0,167.0
104731.0,138.0
104856.0,125.0
104986.0,130.0
105067.0,81.0
105093.0,26.0
105209.0,116.0
105313.0,104.0
105340.0,27.0
105361.0,21.0
105478.0,117.0
105587.0,109.0
105673.0,86.0
105722.0,49.0
105825.0,103.0
105944.0,119.0
106009.0,65.0
106111.0,102.0
106222.0,111.0
106309.0,87.0
106417.0,108.0
106524.0,107.0
106615.0,91.0
106650.0,35.0
106724.0,74.0
106794.0,70.0
106899.0,105.0
107027.0,128.0
107076.0,49.0
107195.0,119.0
107280.0,85.0
107296.0,16.0
107382.0,86.0
107511.0,129.0
107640.0,129.0
107749.0,109.0
107868.0,119.0
107948.0,80.0
108020.0,72.0
108122.0,102.0
108277.0,155.0
108437.0,160.0
108637.0,200.0
108837.0,200.0
108988.0,151.0
109175.0,187.0
109339.0,164.0
109348.0,9.0
109361.0,13.0
109474.0,113.0
109496.0,22.0
109610.0,114.0
109720.0,110.0
109857.0,137.0
109970.0,113.0
110079.0,109.0
110191.0,112.0
110202.0,11.0
110307.0,105.0
110331.0,24.0
110446.0,115.0
110570.0,124.0
110693.0,123.0
110793.0,100.0
110978.0,185.0
111093.0,115.0
111252.0,159.0
111418.0,166.0
111548.0,130.0
111694.0,146.0
111843.0,149.0
111979.0,136.0
112164.0,185.0
112364.0,200.0
112530.0,166.0
112547.0,17.0
112747.0,200.0
112792.0,45.0
112992.0,200.0
113159.0,167.0
113336.0,177.0
113536.0,200.0
113569.0,33.0
113760.0,191.0
113824.0,64.0
114024.0,200.0
114224.0,200.0
114424.0,200.0
114624.0,200.0
114824.0,200.0
115024.0,200.0
115224.0,200.0
115424.0,200.0
115624.0,200.0
115635.0,11.0
115656.0,21.0
115713.0,57.0
115728.0,15.0
115928.0,200.0
116128.0,200.0
116328.0,200.0
116528.0,200.0
116728.0,200.0
116928.0,200.0
117128.0,200.0
117328.0,200.0
117528.0,200.0
117728.0,200.0
117928.0,200.0
117948.0,20.0
118148.0,200.0
118348.0,200.0
118548.0,200.0
118748.0,200.0
118948.0,200.0
119148.0,200.0
119160.0,12.0
119360.0,200.0
119373.0,13.0
119573.0,200.0
119773.0,200.0
119973.0,200.0
120173.0,200.0
120373.0,200.0
120573.0,200.0
120773.0,200.0
120953.0,180.0
121124.0,171.0
121269.0,145.0
121282.0,13.0
121482.0,200.0
121682.0,200.0
121882.0,200.0
122082.0,200.0
122158.0,76.0
122358.0,200.0
122558.0,200.0
122758.0,200.0
122958.0,200.0
123158.0,200.0
123318.0,160.0
123477.0,159.0
123677.0,200.0
123877.0,200.0
124077.0,200.0
124277.0,200.0
124477.0,200.0
124677.0,200.0
124877.0,200.0
125077.0,200.0
125087.0,10.0
125287.0,200.0
125487.0,200.0
125687.0,200.0
125887.0,200.0
126087.0,200.0
126287.0,200.0
126487.0,200.0
126673.0,186.0
126772.0,99.0
126787.0,15.0
126987.0,200.0
127187.0,200.0
127261.0,74.0
127448.0,187.0
127468.0,20.0
127668.0,200.0
127868.0,200.0
128025.0,157.0
128225.0,200.0
128425.0,200.0
128625.0,200.0
128824.0,199.0
128983.0,159.0
128996.0,13.0
129196.0,200.0
129382.0,186.0
129428.0,46.0
129628.0,200.0
129814.0,186.0
129995.0,181.0
130154.0,159.0
130325.0,171.0
130503.0,178.0
130676.0,173.0
130691.0,15.0
130878.0,187.0
130900.0,22.0
131100.0,200.0
131299.0,199.0
131483.0,184.0
131683.0,200.0
131833.0,150.0
131847.0,14.0
132013.0,166.0
132182.0,169.0
132382.0,200.0
132573.0,191.0
132724.0,151.0
132900.0,176.0
133100.0,200.0
133263.0,163.0
133391.0,128.0
133536.0,145.0
133664.0,128.0
133773.0,109.0
133894.0,121.0
134016.0,122.0
134143.0,127.0
134235.0,92.0
134360.0,125.0
134474.0,114.0
134585.0,111.0
134732.0,147.0
134932.0,200.0
135132.0,200.0
135332.0,200.0
135532.0,200.0
135587.0,55.0
135731.0,144.0
135870.0,139.0
136070.0,200.0
136270.0,200.0
136470.0,200.0
136670.0,200.0
136870.0,200.0
137042.0,172.0
137182.0,140.0
137197.0,15.0
137356.0,159.0
137549.0,193.0
137749.0,200.0
137949.0,200.0
138149.0,200.0
138341.0,192.0
138502.0,161.0
138702.0,200.0
138902.0,200.0
139092.0,190.0
139292.0,200.0
139492.0,200.0
139692.0,200.0
139892.0,200.0
140092.0,200.0
140292.0,200.0
140303.0,11.0
140315.0,12.0
140490.0,175.0
140631.0,141.0
140759.0,128.0
140906.0,147.0
141063.0,157.0
141233.0,170.0
141412.0,179.0
141612.0,200.0
141780.0,168.0
141980.0,200.0
142180.0,200.0
142380.0,200.0
142580.0,200.0
142780.0,200.0
142980.0,200.0
143038.0,58.0
143238.0,200.0
143438.0,200.0
143638.0,200.0
143838.0,200.0
144038.0,200.0
144238.0,200.0
144438.0,200.0
144638.0,200.0
144838.0,200.0
145038.0,200.0
145238.0,200.0
145438.0,200.0
145638.0,200.0
145838.0,200.0
146038.0,200.0
146238.0,200.0
146277.0,39.0
146477.0,200.0
146677.0,200.0
146877.0,200.0
147077.0,200.0
147277.0,200.0
147477.0,200.0
147677.0,200.0
147877.0,200.0
148077.0,200.0
148277.0,200.0
148477.0,200.0
148677.0,200.0
148847.0,170.0
148992.0,145.0
149192.0,200.0
149392.0,200.0
149413.0,21.0
149613.0,200.0
149813.0,200.0
150013.0,200.0
150213.0,200.0
150413.0,200.0
150613.0,200.0
150628.0,15.0
150828.0,200.0
151016.0,188.0
151216.0,200.0
151411.0,195.0
151423.0,12.0
151437.0,14.0
151449.0,12.0
151467.0,18.0
151667.0,200.0
151867.0,200.0
152067.0,200.0
152267.0,200.0
152467.0,200.0
152667.0,200.0
152867.0,200.0
153067.0,200.0
153267.0,200.0
153281.0,14.0
153481.0,200.0
153681.0,200.0
153881.0,200.0
154043.0,162.0
154191.0,148.0
154207.0,16.0
154407.0,200.0
154607.0,200.0
154807.0,200.0
155007.0,200.0
155207.0,200.0
155407.0,200.0
155607.0,200.0
155807.0,200.0
156007.0,200.0
156079.0,72.0
156114.0,35.0
156314.0,200.0
156514.0,200.0
156714.0,200.0
156902.0,188.0
156938.0,36.0
157138.0,200.0
157182.0,44.0
157382.0,200.0
157582.0,200.0
157782.0,200.0
157982.0,200.0
158182.0,200.0
158382.0,200.0
158582.0,200.0
158782.0,200.0
158982.0,200.0
159182.0,200.0
159382.0,200.0
159582.0,200.0
159782.0,200.0
159982.0,200.0
160139.0,157.0
160154.0,15.0
160354.0,200.0
160554.0,200.0
160754.0,200.0
160954.0,200.0
161154.0,200.0
161354.0,200.0
161387.0,33.0
161421.0,34.0
161621.0,200.0
161821.0,200.0
162021.0,200.0
162177.0,156.0
162377.0,200.0
162577.0,200.0
162777.0,200.0
162977.0,200.0
163177.0,200.0
163377.0,200.0
163577.0,200.0
163777.0,200.0
163977.0,200.0
164177.0,200.0
164377.0,200.0
164577.0,200.0
164777.0,200.0
164977.0,200.0
165177.0,200.0
165377.0,200.0
165577.0,200.0
165777.0,200.0
165977.0,200.0
166177.0,200.0
166187.0,10.0
166201.0,14.0
166401.0,200.0
166601.0,200.0
166801.0,200.0
166815.0,14.0
166828.0,13.0
166883.0,55.0
167083.0,200.0
167283.0,200.0
167483.0,200.0
167496.0,13.0
167696.0,200.0
167896.0,200.0
168096.0,200.0
168296.0,200.0
168496.0,200.0
168696.0,200.0
168896.0,200.0
169096.0,200.0
169296.0,200.0
169496.0,200.0
169696.0,200.0
169710.0,14.0
169910.0,200.0
170110.0,200.0
170310.0,200.0
170320.0,10.0
170487.0,167.0
170687.0,200.0
170887.0,200.0
171087.0,200.0
171287.0,200.0
171487.0,200.0
171652.0,165.0
171784.0,132.0
171806.0,22.0
171939.0,133.0
172058.0,119.0
172075.0,17.0
172203.0,128.0
172402.0,199.0
172560.0,158.0
172760.0,200.0
172960.0,200.0
173160.0,200.0
173305.0,145.0
173473.0,168.0
173485.0,12.0
173676.0,191.0
173815.0,139.0
173985.0,170.0
174161.0,176.0
174325.0,164.0
174489.0,164.0
174648.0,159.0
174809.0,161.0
174967.0,158.0
175122.0,155.0
175285.0,163.0
175457.0,172.0
175639.0,182.0
175818.0,179.0
176018.0,200.0
176218.0,200.0
176418.0,200.0
176618.0,200.0
176782.0,164.0
176962.0,180.0
177147.0,185.0
177347.0,200.0
177532.0,185.0
177712.0,180.0
177862.0,150.0
177878.0,16.0
178055.0,177.0
178221.0,166.0
178421.0,200.0
178621.0,200.0
178821.0,200.0
179021.0,200.0
179036.0,15.0
179203.0,167.0
179373.0,170.0
179383.0,10.0
179393.0,10.0
179404.0,11.0
179417.0,13.0
179617.0,200.0
179817.0,200.0
180017.0,200.0
180217.0,200.0
180417.0,200.0
180617.0,200.0
180817.0,200.0
181017.0,200.0
181033.0,16.0
181233.0,200.0
181433.0,200.0
181633.0,200.0
181833.0,200.0
182033.0,200.0
182233.0,200.0
182433.0,200.0
182633.0,200.0
182833.0,200.0
183033.0,200.0
183233.0,200.0
183433.0,200.0
183623.0,190.0
183636.0,13.0
183836.0,200.0
184036.0,200.0
184236.0,200.0
184396.0,160.0
184570.0,174.0
184770.0,200.0
184970.0,200.0
185170.0,200.0
185273.0,103.0
185473.0,200.0
185673.0,200.0
185829.0,156.0
185839.0,10.0
186039.0,200.0
186239.0,200.0
186439.0,200.0
186639.0,200.0
186839.0,200.0
187039.0,200.0
187239.0,200.0
187439.0,200.0
187639.0,200.0
187839.0,200.0
188039.0,200.0
188239.0,200.0
188439.0,200.0
188639.0,200.0
188839.0,200.0
188853.0,14.0
189053.0,200.0
189253.0,200.0
189453.0,200.0
189653.0,200.0
189853.0,200.0
190053.0,200.0
190063.0,10.0
190263.0,200.0
190429.0,166.0
190629.0,200.0
190787.0,158.0
190957.0,170.0
191122.0,165.0
191245.0,123.0
191445.0,200.0
191645.0,200.0
191845.0,200.0
192045.0,200.0
192245.0,200.0
192445.0,200.0
192645.0,200.0
192845.0,200.0
193020.0,175.0
193184.0,164.0
193325.0,141.0
193336.0,11.0
193487.0,151.0
193669.0,182.0
193795.0,126.0
193809.0,14.0
193992.0,183.0
194125.0,133.0
194268.0,143.0
194389.0,121.0
194499.0,110.0
194601.0,102.0
194611.0,10.0
194734.0,123.0
194886.0,152.0
195016.0,130.0
195031.0,15.0
195157.0,126.0
195281.0,124.0
195398.0,117.0
195502.0,104.0
195620.0,118.0
195632.0,12.0
195760.0,128.0
195873.0,113.0
195986.0,113.0
196042.0,56.0
196075.0,33.0
196189.0,114.0
196297.0,108.0
196403.0,106.0
196491.0,88.0
196613.0,122.0
196750.0,137.0
196871.0,121.0
196887.0,16.0
197012.0,125.0
197179.0,167.0
197322.0,143.0
197335.0,13.0
197456.0,121.0
197577.0,121.0
197693.0,116.0
197812.0,119.0
197942.0,130.0
198075.0,133.0
198214.0,139.0
198355.0,141.0
198484.0,129.0
198628.0,144.0
198765.0,137.0
198906.0,141.0
199106.0,200.0
199304.0,198.0
199448.0,144.0
199641.0,193.0
199841.0,200.0
199970.0,129.0
200106.0,136.0
200118.0,12.0
200128.0,10.0
200230.0,102.0
200369.0,139.0
200569.0,200.0
200760.0,191.0
200938.0,178.0
201138.0,200.0
201338.0,200.0
201476.0,138.0
201632.0,156.0
201752.0,120.0
201873.0,121.0
202037.0,164.0
202172.0,135.0
202308.0,136.0
202460.0,152.0
202609.0,149.0
202790.0,181.0
202990.0,200.0
203190.0,200.0
203327.0,137.0
203527.0,200.0
203673.0,146.0
203843.0,170.0
204043.0,200.0
204211.0,168.0
204343.0,132.0
204355.0,12.0
204507.0,152.0
204627.0,120.0
204733.0,106.0
204845.0,112.0
204946.0,101.0
205062.0,116.0
205089.0,27.0
205195.0,106.0
205331.0,136.0
205498.0,167.0
205611.0,113.0
205811.0,200.0
205927.0,116.0
206061.0,134.0
206167.0,106.0
206293.0,126.0
206425.0,132.0
206552.0,127.0
206688.0,136.0
206824.0,136.0
206966.0,142.0
207095.0,129.0
207234.0,139.0
207388.0,154.0
207588.0,200.0
207725.0,137.0
207865.0,140.0
208001.0,136.0
208129.0,128.0
208271.0,142.0
208407.0,136.0
208559.0,152.0
208687.0,128.0
208841.0,154.0
209041.0,200.0
209212.0,171.0
209412.0,200.0
209559.0,147.0
209675.0,116.0
209687.0,12.0
209887.0,200.0
209999.0,112.0
210199.0,200.0
210399.0,200.0
210599.0,200.0
210748.0,149.0
210940.0,192.0
211140.0,200.0
211340.0,200.0
211540.0,200.0
211731.0,191.0
211894.0,163.0
212094.0,200.0
212294.0,200.0
212494.0,200.0
212650.0,156.0
212757.0,107.0
212853.0,96.0
212957.0,104.0
213063.0,106.0
213179.0,116.0
213304.0,125.0
213425.0,121.0
213541.0,116.0
213659.0,118.0
213775.0,116.0
213890.0,115.0
213954.0,64.0
214056.0,102.0
214175.0,119.0
214296.0,121.0
214406.0,110.0
214521.0,115.0
214643.0,122.0
214755.0,112.0
214880.0,125.0
214894.0,14.0
215021.0,127.0
215159.0,138.0
215292.0,133.0
215425.0,133.0
215559.0,134.0
215688.0,129.0
215817.0,129.0
215961.0,144.0
216102.0,141.0
216251.0,149.0
216379.0,128.0
216511.0,132.0
216706.0,195.0
216824.0,118.0
216986.0,162.0
217186.0,200.0
217386.0,200.0
217586.0,200.0
217786.0,200.0
217986.0,200.0
218186.0,200.0
218386.0,200.0
218586.0,200.0
218786.0,200.0
218986.0,200.0
219186.0,200.0
219386.0,200.0
219586.0,200.0
219786.0,200.0
219986.0,200.0
220186.0,200.0
220386.0,200.0
220586.0,200.0
220786.0,200.0
220986.0,200.0
221020.0,34.0
221044.0,24.0
221192.0,148.0
221337.0,145.0
221508.0,171.0
221708.0,200.0
221908.0,200.0
222108.0,200.0
222308.0,200.0
222508.0,200.0
222708.0,200.0
222896.0,188.0
223096.0,200.0
223221.0,125.0
223372.0,151.0
223517.0,145.0
223633.0,116.0
223755.0,122.0
223887.0,132.0
224087.0,200.0
224287.0,200.0
224487.0,200.0
224687.0,200.0
224887.0,200.0
225087.0,200.0
225233.0,146.0
225246.0,13.0
225381.0,135.0
225400.0,19.0
225541.0,141.0
225722.0,181.0
225886.0,164.0
226057.0,171.0
226223.0,166.0
226400.0,177.0
226553.0,153.0
226708.0,155.0
226867.0,159.0
227035.0,168.0
227184.0,149.0
227318.0,134.0
227472.0,154.0
227620.0,148.0
227816.0,196.0
227968.0,152.0
228131.0,163.0
228277.0,146.0
228409.0,132.0
228557.0,148.0
228721.0,164.0
228890.0,169.0
229090.0,200.0
229232.0,142.0
229246.0,14.0
229446.0,200.0
229627.0,181.0
229827.0,200.0
229972.0,145.0
230123.0,151.0
230283.0,160.0
230432.0,149.0
230577.0,145.0
230719.0,142.0
230848.0,129.0
231003.0,155.0
231163.0,160.0
231356.0,193.0
231518.0,162.0
231703.0,185.0
231822.0,119.0
232022.0,200.0
232222.0,200.0
232422.0,200.0
232622.0,200.0
232822.0,200.0
233022.0,200.0
233222.0,200.0
233422.0,200.0
233532.0,110.0
233732.0,200.0
233932.0,200.0
234132.0,200.0
234332.0,200.0
234532.0,200.0
234732.0,200.0
234932.0,200.0
235132.0,200.0
235332.0,200.0
235532.0,200.0
235732.0,200.0
235932.0,200.0
236132.0,200.0
236332.0,200.0
236532.0,200.0
236732.0,200.0
236932.0,200.0
237132.0,200.0
237332.0,200.0
237532.0,200.0
237732.0,200.0
237932.0,200.0
238132.0,200.0
238332.0,200.0
238532.0,200.0
238732.0,200.0
238932.0,200.0
239132.0,200.0
239332.0,200.0
239532.0,200.0
239693.0,161.0
239737.0,44.0
239747.0,10.0
239756.0,9.0
239767.0,11.0
239967.0,200.0
240157.0,190.0
240357.0,200.0
240557.0,200.0
240757.0,200.0
240957.0,200.0
241157.0,200.0
241357.0,200.0
241557.0,200.0
241757.0,200.0
241957.0,200.0
242157.0,200.0
242357.0,200.0
242557.0,200.0
242757.0,200.0
242957.0,200.0
243157.0,200.0
243357.0,200.0
243384.0,27.0
243520.0,136.0
243689.0,169.0
243833.0,144.0
243982.0,149.0
244161.0,179.0
244361.0,200.0
244537.0,176.0
244737.0,200.0
244934.0,197.0
245134.0,200.0
245334.0,200.0
245534.0,200.0
245734.0,200.0
245934.0,200.0
246134.0,200.0
246334.0,200.0
246534.0,200.0
246734.0,200.0
246934.0,200.0
247134.0,200.0
247334.0,200.0
247534.0,200.0
247734.0,200.0
247934.0,200.0
248134.0,200.0
248334.0,200.0
248534.0,200.0
248734.0,200.0
248934.0,200.0
249134.0,200.0
249334.0,200.0
249534.0,200.0
249734.0,200.0
249746.0,12.0
249771.0,25.0
249794.0,23.0
249994.0,200.0
250194.0,200.0
250394.0,200.0
250594.0,200.0
250794.0,200.0
250994.0,200.0
251194.0,200.0
251394.0,200.0
251594.0,200.0
251794.0,200.0
251994.0,200.0
252194.0,200.0
252394.0,200.0
252594.0,200.0
252794.0,200.0
252994.0,200.0
253194.0,200.0
253394.0,200.0
253594.0,200.0
253794.0,200.0
253994.0,200.0
254194.0,200.0
254394.0,200.0
254594.0,200.0
254794.0,200.0
254994.0,200.0
255194.0,200.0
255394.0,200.0
255594.0,200.0
255794.0,200.0
255994.0,200.0
256194.0,200.0
256394.0,200.0
256594.0,200.0
256794.0,200.0
256994.0,200.0
257194.0,200.0
257394.0,200.0
257594.0,200.0
257794.0,200.0
257994.0,200.0
258194.0,200.0
258394.0,200.0
258594.0,200.0
258607.0,13.0
258807.0,200.0
259007.0,200.0
259207.0,200.0
259342.0,135.0
259542.0,200.0
259553.0,11.0
259753.0,200.0
259953.0,200.0
260148.0,195.0
260348.0,200.0
260548.0,200.0
260748.0,200.0
260948.0,200.0
261148.0,200.0
261348.0,200.0
261548.0,200.0
261748.0,200.0
261948.0,200.0
262148.0,200.0
262348.0,200.0
262548.0,200.0
262748.0,200.0
262948.0,200.0
263148.0,200.0
263348.0,200.0
263548.0,200.0
263748.0,200.0
263948.0,200.0
264148.0,200.0
264348.0,200.0
264548.0,200.0
264748.0,200.0
264948.0,200.0
265148.0,200.0
265348.0,200.0
265548.0,200.0
265748.0,200.0
265948.0,200.0
266148.0,200.0
266348.0,200.0
266548.0,200.0
266597.0,49.0
266777.0,180.0
266940.0,163.0
267140.0,200.0
267337.0,197.0
267520.0,183.0
267720.0,200.0
267920.0,200.0
268120.0,200.0
268279.0,159.0
268473.0,194.0
268673.0,200.0
268873.0,200.0
269073.0,200.0
269273.0,200.0
269473.0,200.0
269673.0,200.0
269873.0,200.0
270073.0,200.0
270273.0,200.0
270473.0,200.0
270673.0,200.0
270873.0,200.0
271073.0,200.0
271212.0,139.0
271412.0,200.0
271612.0,200.0
271812.0,200.0
272012.0,200.0
272212.0,200.0
272412.0,200.0
272612.0,200.0
272812.0,200.0
273012.0,200.0
273212.0,200.0
273412.0,200.0
273612.0,200.0
273812.0,200.0
274012.0,200.0
274212.0,200.0
274412.0,200.0
274612.0,200.0
274812.0,200.0
275012.0,200.0
275212.0,200.0
275412.0,200.0
275612.0,200.0
275812.0,200.0
276012.0,200.0
276212.0,200.0
276412.0,200.0
276518.0,106.0
276718.0,200.0
276918.0,200.0
277118.0,200.0
277318.0,200.0
277518.0,200.0
277556.0,38.0
277756.0,200.0
277956.0,200.0
278156.0,200.0
278356.0,200.0
278556.0,200.0
278756.0,200.0
278956.0,200.0
279156.0,200.0
279356.0,200.0
279370.0,14.0
279382.0,12.0
279399.0,17.0
279442.0,43.0
279642.0,200.0
279842.0,200.0
280040.0,198.0
280209.0,169.0
280409.0,200.0
280609.0,200.0
280621.0,12.0
280821.0,200.0
281021.0,200.0
281221.0,200.0
281421.0,200.0
281621.0,200.0
281821.0,200.0
282021.0,200.0
282221.0,200.0
282421.0,200.0
282621.0,200.0
282821.0,200.0
283021.0,200.0
283217.0,196.0
283355.0,138.0
283498.0,143.0
283615.0,117.0
283730.0,115.0
283846.0,116.0
283950.0,104.0
284056.0,106.0
284177.0,121.0
284291.0,114.0
284420.0,129.0
284552.0,132.0
284674.0,122.0
284799.0,125.0
284930.0,131.0
285047.0,117.0
285172.0,125.0
285296.0,124.0
285446.0,150.0
285618.0,172.0
285811.0,193.0
286011.0,200.0
286211.0,200.0
286411.0,200.0
286611.0,200.0
286811.0,200.0
287011.0,200.0
287211.0,200.0
287411.0,200.0
287611.0,200.0
287811.0,200.0
288011.0,200.0
288211.0,200.0
288411.0,200.0
288611.0,200.0
288811.0,200.0
289011.0,200.0
289211.0,200.0
289411.0,200.0
289611.0,200.0
289757.0,146.0
289892.0,135.0
290054.0,162.0
290157.0,103.0
290169.0,12.0
290186.0,17.0
290205.0,19.0
290224.0,19.0
290337.0,113.0
290479.0,142.0
290671.0,192.0
290850.0,179.0
291050.0,200.0
291250.0,200.0
291450.0,200.0
291650.0,200.0
291850.0,200.0
292050.0,200.0
292250.0,200.0
292450.0,200.0
292650.0,200.0
292850.0,200.0
293050.0,200.0
293250.0,200.0
293450.0,200.0
293650.0,200.0
293850.0,200.0
294050.0,200.0
294250.0,200.0
294450.0,200.0
294650.0,200.0
294850.0,200.0
295050.0,200.0
295250.0,200.0
295450.0,200.0
295600.0,150.0
295766.0,166.0
295966.0,200.0
296166.0,200.0
296359.0,193.0
296514.0,155.0
296714.0,200.0
296849.0,135.0
296950.0,101.0
297045.0,95.0
297152.0,107.0
297264.0,112.0
297396.0,132.0
297523.0,127.0
297645.0,122.0
297786.0,141.0
297912.0,126.0
298038.0,126.0
298130.0,92.0
298248.0,118.0
298360.0,112.0
298481.0,121.0
298590.0,109.0
298696.0,106.0
298826.0,130.0
298947.0,121.0
299077.0,130.0
299184.0,107.0
299308.0,124.0
299425.0,117.0
299544.0,119.0
299656.0,112.0
299772.0,116.0
299872.0,100.0
300027.0,155.0
300152.0,125.0
300352.0,200.0
300552.0,200.0
300752.0,200.0
300940.0,188.0
301140.0,200.0
301286.0,146.0
301451.0,165.0
301651.0,200.0
301830.0,179.0
301997.0,167.0
302160.0,163.0
302344.0,184.0
302502.0,158.0
302668.0,166.0
302821.0,153.0
302961.0,140.0
303112.0,151.0
303273.0,161.0
303428.0,155.0
303628.0,200.0
303828.0,200.0
303999.0,171.0
304164.0,165.0
304353.0,189.0
304529.0,176.0
304728.0,199.0
304928.0,200.0
305128.0,200.0
305304.0,176.0
305504.0,200.0
305704.0,200.0
305904.0,200.0
306104.0,200.0
306304.0,200.0
306504.0,200.0
306704.0,200.0
306904.0,200.0
307104.0,200.0
307304.0,200.0
307504.0,200.0
307704.0,200.0
307904.0,200.0
308104.0,200.0
308304.0,200.0
308504.0,200.0
308648.0,144.0
308848.0,200.0
309045.0,197.0
309245.0,200.0
309445.0,200.0
309645.0,200.0
309845.0,200.0
310045.0,200.0
310245.0,200.0
310445.0,200.0
310645.0,200.0
310656.0,11.0
310756.0,100.0
310956.0,200.0
311156.0,200.0
311356.0,200.0
311556.0,200.0
311756.0,200.0
311956.0,200.0
312156.0,200.0
312356.0,200.0
312556.0,200.0
312756.0,200.0
312956.0,200.0
313156.0,200.0
313356.0,200.0
313556.0,200.0
313756.0,200.0
313956.0,200.0
314156.0,200.0
314356.0,200.0
314556.0,200.0
314756.0,200.0
314956.0,200.0
315156.0,200.0
315356.0,200.0
315556.0,200.0
315756.0,200.0
315956.0,200.0
316156.0,200.0
316356.0,200.0
316556.0,200.0
316756.0,200.0
316956.0,200.0
317156.0,200.0
317356.0,200.0
317556.0,200.0
317756.0,200.0
317956.0,200.0
318156.0,200.0
318356.0,200.0
318556.0,200.0
318756.0,200.0
318956.0,200.0
319156.0,200.0
319356.0,200.0
319556.0,200.0
319756.0,200.0
319956.0,200.0
320156.0,200.0
320356.0,200.0
320556.0,200.0
320756.0,200.0
320956.0,200.0
321156.0,200.0
321356.0,200.0
321556.0,200.0
321756.0,200.0
321956.0,200.0
322156.0,200.0
322356.0,200.0
322556.0,200.0
322756.0,200.0
322956.0,200.0
323088.0,132.0
323259.0,171.0
323426.0,167.0
323440.0,14.0
323640.0,200.0
323840.0,200.0
324040.0,200.0
324240.0,200.0
324440.0,200.0
324640.0,200.0
324840.0,200.0
325040.0,200.0
325240.0,200.0
325440.0,200.0
325640.0,200.0
325840.0,200.0
326040.0,200.0
326240.0,200.0
326440.0,200.0
326640.0,200.0
326840.0,200.0
327040.0,200.0
327240.0,200.0
327440.0,200.0
327640.0,200.0
327840.0,200.0
328040.0,200.0
328240.0,200.0
328440.0,200.0
328640.0,200.0
328840.0,200.0
329032.0,192.0
329232.0,200.0
329432.0,200.0
329632.0,200.0
329832.0,200.0
330032.0,200.0
330232.0,200.0
330432.0,200.0
330632.0,200.0
330832.0,200.0
331032.0,200.0
331232.0,200.0
331432.0,200.0
331632.0,200.0
331832.0,200.0
332032.0,200.0
332232.0,200.0
332432.0,200.0
332632.0,200.0
332832.0,200.0
333032.0,200.0
333232.0,200.0
333432.0,200.0
333632.0,200.0
333832.0,200.0
334032.0,200.0
334232.0,200.0
334432.0,200.0
334632.0,200.0
334832.0,200.0
335032.0,200.0
335232.0,200.0
335432.0,200.0
335632.0,200.0
335832.0,200.0
336032.0,200.0
336232.0,200.0
336243.0,11.0
336443.0,200.0
336643.0,200.0
336843.0,200.0
337043.0,200.0
337243.0,200.0
337443.0,200.0
337643.0,200.0
337843.0,200.0
338043.0,200.0
338243.0,200.0
338443.0,200.0
338643.0,200.0
338843.0,200.0
339043.0,200.0
339212.0,169.0
339223.0,11.0
339423.0,200.0
339623.0,200.0
339823.0,200.0
340023.0,200.0
340223.0,200.0
340423.0,200.0
340623.0,200.0
340795.0,172.0
340956.0,161.0
341142.0,186.0
341342.0,200.0
341542.0,200.0
341742.0,200.0
341942.0,200.0
342142.0,200.0
342342.0,200.0
342542.0,200.0
342742.0,200.0
342942.0,200.0
343142.0,200.0
343342.0,200.0
343542.0,200.0
343742.0,200.0
343942.0,200.0
344142.0,200.0
344342.0,200.0
344542.0,200.0
344742.0,200.0
344942.0,200.0
345142.0,200.0
345342.0,200.0
345542.0,200.0
345742.0,200.0
345942.0,200.0
346142.0,200.0
346342.0,200.0
346542.0,200.0
346742.0,200.0
346942.0,200.0
347142.0,200.0
347342.0,200.0
347542.0,200.0
347742.0,200.0
347942.0,200.0
348142.0,200.0
348342.0,200.0
348542.0,200.0
348742.0,200.0
348942.0,200.0
349142.0,200.0
349342.0,200.0
349542.0,200.0
349742.0,200.0
349942.0,200.0
350142.0,200.0
350342.0,200.0
350542.0,200.0
350742.0,200.0
350942.0,200.0
351142.0,200.0
351342.0,200.0
351542.0,200.0
351742.0,200.0
351942.0,200.0
352142.0,200.0
352342.0,200.0
352542.0,200.0
352742.0,200.0
352942.0,200.0
353142.0,200.0
353342.0,200.0
353354.0,12.0
353387.0,33.0
353587.0,200.0
353787.0,200.0
353987.0,200.0
354187.0,200.0
354387.0,200.0
354587.0,200.0
354787.0,200.0
354987.0,200.0
355187.0,200.0
355387.0,200.0
355587.0,200.0
355787.0,200.0
355987.0,200.0
356187.0,200.0
356387.0,200.0
356587.0,200.0
356787.0,200.0
356987.0,200.0
357187.0,200.0
357387.0,200.0
357587.0,200.0
357787.0,200.0
357987.0,200.0
358187.0,200.0
358387.0,200.0
358587.0,200.0
358787.0,200.0
358987.0,200.0
359187.0,200.0
359387.0,200.0
359587.0,200.0
359787.0,200.0
359987.0,200.0
360187.0,200.0
360387.0,200.0
360587.0,200.0
360787.0,200.0
360987.0,200.0
361187.0,200.0
361387.0,200.0
361587.0,200.0
361787.0,200.0
361987.0,200.0
362187.0,200.0
362306.0,119.0
362347.0,41.0
362358.0,11.0
362514.0,156.0
362714.0,200.0
362914.0,200.0
363114.0,200.0
363314.0,200.0
363514.0,200.0
363714.0,200.0
363728.0,14.0
363928.0,200.0
364128.0,200.0
364289.0,161.0
364488.0,199.0
364688.0,200.0
364888.0,200.0
365088.0,200.0
365288.0,200.0
365488.0,200.0
365688.0,200.0
365888.0,200.0
366088.0,200.0
366288.0,200.0
366488.0,200.0
366688.0,200.0
366888.0,200.0
367088.0,200.0
367288.0,200.0
367488.0,200.0
367688.0,200.0
367888.0,200.0
368088.0,200.0
368288.0,200.0
368488.0,200.0
368688.0,200.0
368888.0,200.0
369088.0,200.0
369288.0,200.0
369488.0,200.0
369688.0,200.0
369888.0,200.0
370088.0,200.0
370288.0,200.0
370488.0,200.0
370688.0,200.0
370847.0,159.0
370859.0,12.0
370873.0,14.0
371073.0,200.0
371219.0,146.0
371334.0,115.0
371491.0,157.0
371654.0,163.0
371809.0,155.0
371946.0,137.0
372141.0,195.0
372290.0,149.0
372490.0,200.0
372683.0,193.0
372859.0,176.0
373041.0,182.0
373236.0,195.0
373413.0,177.0
373604.0,191.0
373779.0,175.0
373958.0,179.0
374142.0,184.0
374325.0,183.0
374519.0,194.0
374703.0,184.0
374896.0,193.0
375075.0,179.0
375261.0,186.0
375461.0,200.0
375660.0,199.0
375854.0,194.0
376054.0,200.0
376254.0,200.0
376454.0,200.0
376642.0,188.0
376798.0,156.0
376993.0,195.0
377193.0,200.0
377393.0,200.0
377593.0,200.0
377793.0,200.0
377965.0,172.0
378086.0,121.0
378100.0,14.0
378113.0,13.0
378128.0,15.0
378153.0,25.0
378174.0,21.0
378271.0,97.0
378406.0,135.0
378534.0,128.0
378680.0,146.0
378809.0,129.0
378953.0,144.0
379108.0,155.0
379228.0,120.0
379350.0,122.0
379472.0,122.0
379576.0,104.0
379696.0,120.0
379812.0,116.0
379923.0,111.0
380036.0,113.0
380147.0,111.0
380253.0,106.0
380367.0,114.0
380470.0,103.0
380573.0,103.0
380694.0,121.0
380815.0,121.0
380920.0,105.0
381023.0,103.0
381119.0,96.0
381218.0,99.0
381335.0,117.0
381446.0,111.0
381569.0,123.0
381683.0,114.0
381798.0,115.0
381908.0,110.0
382020.0,112.0
382120.0,100.0
382221.0,101.0
382320.0,99.0
382423.0,103.0
382523.0,100.0
382618.0,95.0
382716.0,98.0
382819.0,103.0
382915.0,96.0
383026.0,111.0
383148.0,122.0
383263.0,115.0
383379.0,116.0
383495.0,116.0
383618.0,123.0
383740.0,122.0
383860.0,120.0
383979.0,119.0
384096.0,117.0
384227.0,131.0
384366.0,139.0
384529.0,163.0
384729.0,200.0
384929.0,200.0
385129.0,200.0
385329.0,200.0
385529.0,200.0
385729.0,200.0
385929.0,200.0
386129.0,200.0
386329.0,200.0
386529.0,200.0
386729.0,200.0
386929.0,200.0
387129.0,200.0
387329.0,200.0
387529.0,200.0
387729.0,200.0
387929.0,200.0
388129.0,200.0
388329.0,200.0
388529.0,200.0
388729.0,200.0
388929.0,200.0
389129.0,200.0
389329.0,200.0
389529.0,200.0
389729.0,200.0
389929.0,200.0
390120.0,191.0
390270.0,150.0
390444.0,174.0
390623.0,179.0
390823.0,200.0
391023.0,200.0
391223.0,200.0
391423.0,200.0
391623.0,200.0
391823.0,200.0
392023.0,200.0
392223.0,200.0
392423.0,200.0
392623.0,200.0
392823.0,200.0
393023.0,200.0
393223.0,200.0
393423.0,200.0
393623.0,200.0
393823.0,200.0
394023.0,200.0
394223.0,200.0
394423.0,200.0
394623.0,200.0
394823.0,200.0
395023.0,200.0
395223.0,200.0
395423.0,200.0
395623.0,200.0
395823.0,200.0
396023.0,200.0
396223.0,200.0
396423.0,200.0
396623.0,200.0
396823.0,200.0
397023.0,200.0
397223.0,200.0
397423.0,200.0
397623.0,200.0
397823.0,200.0
398023.0,200.0
398223.0,200.0
398423.0,200.0
398623.0,200.0
398823.0,200.0
399023.0,200.0
399223.0,200.0
399423.0,200.0
399623.0,200.0
399823.0,200.0
400023.0,200.0
400223.0,200.0
400423.0,200.0
400623.0,200.0
400823.0,200.0
401023.0,200.0
401223.0,200.0
401423.0,200.0
401623.0,200.0
401823.0,200.0
402023.0,200.0
402223.0,200.0
402232.0,9.0
402246.0,14.0
402446.0,200.0
402646.0,200.0
402785.0,139.0
402959.0,174.0
403122.0,163.0
403257.0,135.0
403394.0,137.0
403548.0,154.0
403698.0,150.0
403842.0,144.0
404001.0,159.0
404138.0,137.0
404296.0,158.0
404485.0,189.0
404685.0,200.0
404885.0,200.0
405085.0,200.0
405285.0,200.0
405485.0,200.0
405685.0,200.0
405885.0,200.0
406085.0,200.0
406285.0,200.0
406485.0,200.0
406685.0,200.0
406885.0,200.0
407085.0,200.0
407285.0,200.0
407485.0,200.0
407685.0,200.0
407885.0,200.0
408085.0,200.0
408285.0,200.0
408485.0,200.0
408685.0,200.0
408885.0,200.0
409085.0,200.0
409285.0,200.0
409485.0,200.0
409685.0,200.0
409885.0,200.0
410085.0,200.0
410285.0,200.0
410485.0,200.0
410685.0,200.0
410885.0,200.0
411085.0,200.0
411285.0,200.0
411485.0,200.0
411685.0,200.0
411885.0,200.0
412055.0,170.0
412088.0,33.0
412097.0,9.0
412108.0,11.0
412308.0,200.0
412508.0,200.0
412708.0,200.0
412908.0,200.0
413108.0,200.0
413308.0,200.0
413508.0,200.0
413708.0,200.0
413908.0,200.0
414108.0,200.0
414308.0,200.0
414508.0,200.0
414708.0,200.0
414908.0,200.0
415108.0,200.0
415308.0,200.0
415508.0,200.0
415708.0,200.0
415908.0,200.0
416108.0,200.0
416308.0,200.0
416508.0,200.0
416708.0,200.0
416908.0,200.0
417108.0,200.0
417308.0,200.0
417508.0,200.0
417708.0,200.0
417908.0,200.0
418108.0,200.0
418308.0,200.0
418508.0,200.0
418708.0,200.0
418908.0,200.0
419108.0,200.0
419308.0,200.0
419508.0,200.0
419520.0,12.0
419720.0,200.0
419920.0,200.0
420120.0,200.0
420320.0,200.0
420520.0,200.0
420720.0,200.0
420920.0,200.0
421120.0,200.0
421320.0,200.0
421520.0,200.0
421720.0,200.0
421920.0,200.0
422120.0,200.0
422320.0,200.0
422520.0,200.0
422720.0,200.0
422920.0,200.0
423120.0,200.0
423320.0,200.0
423520.0,200.0
423720.0,200.0
423920.0,200.0
424120.0,200.0
424320.0,200.0
424520.0,200.0
424720.0,200.0
424920.0,200.0
425120.0,200.0
425320.0,200.0
425520.0,200.0
425720.0,200.0
425920.0,200.0
426120.0,200.0
426320.0,200.0
426520.0,200.0
426720.0,200.0
426920.0,200.0
427120.0,200.0
427320.0,200.0
427520.0,200.0
427720.0,200.0
427920.0,200.0
428120.0,200.0
428320.0,200.0
428520.0,200.0
428720.0,200.0
428920.0,200.0
429120.0,200.0
429320.0,200.0
429520.0,200.0
429537.0,17.0
429549.0,12.0
429597.0,48.0
429797.0,200.0
429813.0,16.0
430013.0,200.0
430213.0,200.0
430413.0,200.0
430613.0,200.0
430813.0,200.0
431013.0,200.0
431213.0,200.0
431413.0,200.0
431613.0,200.0
431813.0,200.0
432013.0,200.0
432213.0,200.0
432413.0,200.0
432613.0,200.0
432813.0,200.0
433013.0,200.0
433213.0,200.0
433413.0,200.0
433613.0,200.0
433813.0,200.0
434013.0,200.0
434213.0,200.0
434413.0,200.0
434453.0,40.0
434652.0,199.0
434664.0,12.0
434864.0,200.0
435064.0,200.0
435264.0,200.0
435464.0,200.0
435664.0,200.0
435864.0,200.0
436064.0,200.0
436264.0,200.0
436464.0,200.0
436664.0,200.0
436864.0,200.0
437064.0,200.0
437264.0,200.0
437460.0,196.0
437478.0,18.0
437678.0,200.0
437878.0,200.0
438078.0,200.0
438278.0,200.0
438478.0,200.0
438678.0,200.0
438878.0,200.0
439078.0,200.0
439270.0,192.0
439465.0,195.0
439665.0,200.0
439865.0,200.0
440065.0,200.0
440265.0,200.0
440465.0,200.0
440665.0,200.0
440865.0,200.0
441065.0,200.0
441265.0,200.0
441465.0,200.0
441665.0,200.0
441865.0,200.0
442065.0,200.0
442265.0,200.0
442465.0,200.0
442665.0,200.0
442865.0,200.0
443065.0,200.0
443265.0,200.0
443465.0,200.0
443665.0,200.0
443865.0,200.0
444065.0,200.0
444265.0,200.0
444465.0,200.0
444665.0,200.0
444865.0,200.0
444883.0,18.0
445083.0,200.0
445283.0,200.0
445483.0,200.0
445683.0,200.0
445883.0,200.0
446083.0,200.0
446283.0,200.0
446483.0,200.0
446683.0,200.0
446883.0,200.0
447083.0,200.0
447283.0,200.0
447483.0,200.0
447683.0,200.0
447883.0,200.0
448083.0,200.0
448283.0,200.0
448483.0,200.0
448683.0,200.0
448883.0,200.0
449083.0,200.0
449283.0,200.0
449483.0,200.0
449683.0,200.0
449883.0,200.0
450083.0,200.0
450106.0,23.0
450135.0,29.0
450335.0,200.0
450535.0,200.0
450735.0,200.0
450935.0,200.0
451135.0,200.0
451335.0,200.0
451535.0,200.0
451735.0,200.0
451935.0,200.0
452135.0,200.0
452335.0,200.0
452535.0,200.0
452735.0,200.0
452935.0,200.0
453135.0,200.0
453335.0,200.0
453535.0,200.0
453735.0,200.0
453935.0,200.0
454135.0,200.0
454335.0,200.0
454535.0,200.0
454735.0,200.0
454935.0,200.0
455135.0,200.0
455335.0,200.0
455535.0,200.0
455735.0,200.0
455935.0,200.0
455993.0,58.0
456149.0,156.0
456159.0,10.0
456172.0,13.0
456185.0,13.0
456385.0,200.0
456585.0,200.0
456767.0,182.0
456950.0,183.0
457138.0,188.0
457334.0,196.0
457534.0,200.0
457719.0,185.0
457891.0,172.0
458068.0,177.0
458245.0,177.0
458445.0,200.0
458645.0,200.0
458845.0,200.0
459038.0,193.0
459238.0,200.0
459438.0,200.0
459638.0,200.0
459838.0,200.0
460038.0,200.0
460238.0,200.0
460438.0,200.0
460638.0,200.0
460838.0,200.0
461038.0,200.0
461238.0,200.0
461438.0,200.0
461638.0,200.0
461838.0,200.0
462038.0,200.0
462222.0,184.0
462383.0,161.0
462545.0,162.0
462723.0,178.0
462893.0,170.0
463085.0,192.0
463256.0,171.0
463456.0,200.0
463656.0,200.0
463856.0,200.0
464056.0,200.0
464256.0,200.0
464456.0,200.0
464656.0,200.0
464856.0,200.0
465056.0,200.0
465256.0,200.0
465456.0,200.0
465656.0,200.0
465856.0,200.0
466056.0,200.0
466256.0,200.0
466456.0,200.0
466656.0,200.0
466856.0,200.0
467056.0,200.0
467256.0,200.0
467456.0,200.0
467656.0,200.0
467856.0,200.0
468056.0,200.0
468256.0,200.0
468456.0,200.0
468656.0,200.0
468856.0,200.0
469056.0,200.0
469256.0,200.0
469456.0,200.0
469656.0,200.0
469856.0,200.0
470056.0,200.0
470256.0,200.0
470456.0,200.0
470656.0,200.0
470856.0,200.0
471056.0,200.0
471256.0,200.0
471456.0,200.0
471656.0,200.0
471856.0,200.0
472056.0,200.0
472236.0,180.0
472248.0,12.0
472448.0,200.0
472615.0,167.0
472752.0,137.0
472913.0,161.0
473075.0,162.0
473240.0,165.0
473422.0,182.0
473582.0,160.0
473745.0,163.0
473935.0,190.0
474101.0,166.0
474276.0,175.0
474462.0,186.0
474624.0,162.0
474786.0,162.0
474924.0,138.0
475063.0,139.0
475219.0,156.0
475377.0,158.0
475549.0,172.0
475711.0,162.0
475859.0,148.0
476018.0,159.0
476170.0,152.0
476320.0,150.0
476467.0,147.0
476611.0,144.0
476752.0,141.0
476889.0,137.0
477025.0,136.0
477165.0,140.0
477304.0,139.0
477452.0,148.0
477592.0,140.0
477738.0,146.0
477886.0,148.0
478033.0,147.0
478186.0,153.0
478334.0,148.0
478490.0,156.0
478644.0,154.0
478810.0,166.0
478961.0,151.0
479122.0,161.0
479288.0,166.0
479446.0,158.0
479600.0,154.0
479615.0,15.0
479815.0,200.0
480015.0,200.0
480215.0,200.0
480415.0,200.0
480593.0,178.0
480767.0,174.0
480912.0,145.0
481052.0,140.0
481181.0,129.0
481316.0,135.0
481446.0,130.0
481563.0,117.0
481693.0,130.0
481832.0,139.0
481952.0,120.0
482087.0,135.0
482206.0,119.0
482316.0,110.0
482426.0,110.0
482538.0,112.0
482647.0,109.0
482784.0,137.0
482984.0,200.0
483184.0,200.0
483366.0,182.0
483566.0,200.0
483747.0,181.0
483946.0,199.0
484146.0,200.0
484346.0,200.0
484546.0,200.0
484746.0,200.0
484946.0,200.0
485146.0,200.0
485346.0,200.0
485546.0,200.0
485746.0,200.0
485946.0,200.0
486146.0,200.0
486346.0,200.0
486546.0,200.0
486746.0,200.0
486946.0,200.0
487146.0,200.0
487346.0,200.0
487546.0,200.0
487746.0,200.0
487946.0,200.0
488146.0,200.0
488333.0,187.0
488430.0,97.0
488630.0,200.0
488807.0,177.0
489007.0,200.0
489204.0,197.0
489404.0,200.0
489604.0,200.0
489804.0,200.0
490004.0,200.0
490204.0,200.0
490404.0,200.0
490604.0,200.0
490804.0,200.0
491004.0,200.0
491204.0,200.0
491404.0,200.0
491604.0,200.0
491804.0,200.0
492004.0,200.0
492204.0,200.0
492404.0,200.0
492604.0,200.0
492804.0,200.0
493004.0,200.0
493204.0,200.0
493404.0,200.0
493604.0,200.0
493804.0,200.0
494004.0,200.0
494204.0,200.0
494404.0,200.0
494604.0,200.0
494804.0,200.0
495004.0,200.0
495204.0,200.0
495404.0,200.0
495604.0,200.0
495616.0,12.0
495816.0,200.0
496002.0,186.0
496202.0,200.0
496402.0,200.0
496602.0,200.0
496802.0,200.0
497002.0,200.0
497202.0,200.0
497402.0,200.0
497602.0,200.0
497802.0,200.0
498002.0,200.0
498202.0,200.0
498402.0,200.0
498602.0,200.0
498802.0,200.0
499002.0,200.0
499202.0,200.0
499402.0,200.0
499602.0,200.0
499802.0,200.0
500002.0,200.0
500202.0,200.0
500402.0,200.0
500602.0,200.0
500802.0,200.0
501002.0,200.0
501202.0,200.0
501402.0,200.0
501602.0,200.0
501802.0,200.0
502002.0,200.0
502202.0,200.0
502402.0,200.0
502602.0,200.0
502802.0,200.0
503002.0,200.0
503202.0,200.0
503402.0,200.0
503602.0,200.0
503802.0,200.0
504002.0,200.0
504202.0,200.0
504402.0,200.0
504602.0,200.0
504802.0,200.0
504814.0,12.0
505014.0,200.0
505150.0,136.0
505285.0,135.0
505437.0,152.0
505637.0,200.0
505799.0,162.0
505956.0,157.0
506133.0,177.0
506315.0,182.0
506515.0,200.0
506715.0,200.0
506915.0,200.0
507115.0,200.0
507315.0,200.0
507515.0,200.0
507715.0,200.0
507915.0,200.0
508115.0,200.0
508315.0,200.0
508515.0,200.0
508715.0,200.0
508915.0,200.0
509115.0,200.0
509315.0,200.0
509515.0,200.0
509715.0,200.0
509915.0,200.0
510101.0,186.0
510301.0,200.0
510501.0,200.0
510701.0,200.0
510901.0,200.0
511101.0,200.0
511301.0,200.0
511501.0,200.0
511701.0,200.0
511901.0,200.0
512101.0,200.0
512301.0,200.0
512501.0,200.0
512701.0,200.0
512901.0,200.0
513101.0,200.0
513301.0,200.0
513501.0,200.0
513701.0,200.0
513901.0,200.0
514101.0,200.0
514301.0,200.0
514501.0,200.0
514701.0,200.0
514901.0,200.0
515101.0,200.0
515301.0,200.0
515501.0,200.0
515701.0,200.0
515901.0,200.0
516101.0,200.0
516301.0,200.0
516501.0,200.0
516701.0,200.0
516901.0,200.0
517101.0,200.0
517301.0,200.0
517501.0,200.0
517701.0,200.0
517901.0,200.0
518101.0,200.0
518301.0,200.0
518501.0,200.0
518701.0,200.0
518901.0,200.0
519101.0,200.0
519301.0,200.0
519501.0,200.0
519701.0,200.0
519901.0,200.0
520101.0,200.0
520301.0,200.0
520501.0,200.0
520701.0,200.0
520901.0,200.0
521101.0,200.0
521301.0,200.0
521501.0,200.0
521701.0,200.0
521901.0,200.0
522101.0,200.0
522301.0,200.0
522501.0,200.0
522701.0,200.0
522901.0,200.0
523101.0,200.0
523143.0,42.0
523152.0,9.0
523187.0,35.0
523298.0,111.0
523311.0,13.0
523322.0,11.0
523337.0,15.0
523459.0,122.0
523619.0,160.0
523819.0,200.0
524012.0,193.0
524212.0,200.0
524405.0,193.0
524564.0,159.0
524762.0,198.0
524924.0,162.0
525124.0,200.0
525324.0,200.0
525524.0,200.0
525724.0,200.0
525924.0,200.0
526124.0,200.0
526324.0,200.0
526524.0,200.0
526724.0,200.0
526924.0,200.0
527124.0,200.0
527324.0,200.0
527524.0,200.0
527724.0,200.0
527924.0,200.0
528124.0,200.0
528324.0,200.0
528524.0,200.0
528724.0,200.0
528924.0,200.0
529124.0,200.0
529324.0,200.0
529524.0,200.0
529724.0,200.0
529924.0,200.0
530124.0,200.0
530324.0,200.0
530524.0,200.0
530724.0,200.0
530924.0,200.0
531124.0,200.0
531324.0,200.0
531524.0,200.0
531724.0,200.0
531924.0,200.0
532124.0,200.0
532324.0,200.0
532524.0,200.0
532724.0,200.0
532924.0,200.0
533124.0,200.0
533324.0,200.0
533524.0,200.0
533724.0,200.0
533924.0,200.0
534124.0,200.0
534293.0,169.0
534332.0,39.0
534445.0,113.0
534565.0,120.0
534707.0,142.0
534846.0,139.0
535003.0,157.0
535151.0,148.0
535320.0,169.0
535475.0,155.0
535651.0,176.0
535822.0,171.0
536022.0,200.0
536222.0,200.0
536422.0,200.0
536622.0,200.0
536822.0,200.0
537022.0,200.0
537222.0,200.0
537422.0,200.0
537622.0,200.0
537822.0,200.0
538022.0,200.0
538222.0,200.0
538422.0,200.0
538622.0,200.0
538822.0,200.0
539022.0,200.0
539222.0,200.0
539422.0,200.0
539622.0,200.0
539822.0,200.0
540022.0,200.0
540222.0,200.0
540422.0,200.0
540622.0,200.0
540822.0,200.0
541022.0,200.0
541222.0,200.0
541422.0,200.0
541622.0,200.0
541822.0,200.0
542022.0,200.0
542222.0,200.0
542422.0,200.0
542622.0,200.0
542822.0,200.0
543022.0,200.0
543222.0,200.0
543422.0,200.0
543622.0,200.0
543822.0,200.0
544022.0,200.0
544222.0,200.0
544422.0,200.0
544622.0,200.0
544822.0,200.0
545022.0,200.0
545222.0,200.0
545422.0,200.0
545622.0,200.0
545822.0,200.0
546022.0,200.0
546222.0,200.0
546422.0,200.0
546622.0,200.0
546822.0,200.0
547022.0,200.0
547222.0,200.0
547422.0,200.0
547622.0,200.0
547822.0,200.0
548022.0,200.0
548222.0,200.0
548422.0,200.0
548622.0,200.0
548822.0,200.0
549022.0,200.0
549222.0,200.0
549422.0,200.0
549622.0,200.0
549822.0,200.0
550022.0,200.0
550037.0,15.0
550237.0,200.0
550437.0,200.0
550524.0,87.0
550579.0,55.0
550779.0,200.0
550979.0,200.0
551179.0,200.0
551379.0,200.0
551579.0,200.0
551779.0,200.0
551979.0,200.0
552179.0,200.0
552379.0,200.0
552579.0,200.0
552779.0,200.0
552979.0,200.0
553179.0,200.0
553379.0,200.0
553579.0,200.0
553779.0,200.0
553979.0,200.0
554179.0,200.0
554379.0,200.0
554579.0,200.0
554779.0,200.0
554979.0,200.0
555179.0,200.0
555379.0,200.0
555579.0,200.0
555779.0,200.0
555979.0,200.0
556179.0,200.0
556379.0,200.0
556579.0,200.0
556779.0,200.0
556979.0,200.0
557179.0,200.0
557379.0,200.0
557579.0,200.0
557779.0,200.0
557979.0,200.0
558179.0,200.0
558379.0,200.0
558579.0,200.0
558779.0,200.0
558979.0,200.0
559179.0,200.0
559379.0,200.0
559579.0,200.0
559779.0,200.0
559979.0,200.0
560179.0,200.0
560194.0,15.0
560394.0,200.0
560594.0,200.0
560794.0,200.0
560994.0,200.0
561194.0,200.0
561394.0,200.0
561594.0,200.0
561794.0,200.0
561994.0,200.0
562194.0,200.0
562394.0,200.0
562594.0,200.0
562794.0,200.0
562994.0,200.0
563194.0,200.0
563394.0,200.0
563594.0,200.0
563794.0,200.0
563994.0,200.0
564194.0,200.0
564394.0,200.0
564594.0,200.0
564794.0,200.0
564994.0,200.0
565194.0,200.0
565394.0,200.0
565594.0,200.0
565794.0,200.0
565994.0,200.0
566194.0,200.0
566394.0,200.0
566594.0,200.0
566794.0,200.0
566994.0,200.0
567194.0,200.0
567394.0,200.0
567430.0,36.0
567553.0,123.0
567561.0,8.0
567571.0,10.0
567581.0,10.0
567591.0,10.0
567602.0,11.0
567611.0,9.0
567621.0,10.0
567633.0,12.0
567646.0,13.0
567662.0,16.0
567862.0,200.0
567990.0,128.0
568095.0,105.0
568216.0,121.0
568327.0,111.0
568452.0,125.0
568573.0,121.0
568689.0,116.0
568808.0,119.0
568932.0,124.0
569046.0,114.0
569158.0,112.0
569269.0,111.0
569382.0,113.0
569496.0,114.0
569606.0,110.0
569712.0,106.0
569823.0,111.0
569928.0,105.0
570033.0,105.0
570146.0,113.0
570252.0,106.0
570368.0,116.0
570476.0,108.0
570585.0,109.0
570700.0,115.0
570825.0,125.0
570954.0,129.0
571083.0,129.0
571202.0,119.0
571323.0,121.0
571449.0,126.0
571578.0,129.0
571723.0,145.0
571866.0,143.0
571994.0,128.0
572127.0,133.0
572257.0,130.0
572377.0,120.0
572502.0,125.0
572639.0,137.0
572771.0,132.0
572897.0,126.0
573024.0,127.0
573161.0,137.0
573287.0,126.0
573430.0,143.0
573567.0,137.0
573717.0,150.0
573878.0,161.0
574023.0,145.0
574192.0,169.0
574341.0,149.0
574482.0,141.0
574618.0,136.0
574791.0,173.0
574991.0,200.0
575191.0,200.0
575391.0,200.0
575591.0,200.0
575791.0,200.0
575991.0,200.0
576191.0,200.0
576362.0,171.0
576377.0,15.0
576577.0,200.0
576777.0,200.0
576977.0,200.0
577177.0,200.0
577377.0,200.0
577577.0,200.0
577777.0,200.0
577977.0,200.0
578177.0,200.0
578377.0,200.0
578577.0,200.0
578777.0,200.0
578977.0,200.0
579177.0,200.0
579377.0,200.0
579577.0,200.0
579777.0,200.0
579977.0,200.0
580177.0,200.0
580377.0,200.0
580577.0,200.0
580777.0,200.0
580977.0,200.0
581177.0,200.0
581377.0,200.0
581577.0,200.0
581777.0,200.0
581977.0,200.0
582177.0,200.0
582377.0,200.0
582577.0,200.0
582777.0,200.0
582977.0,200.0
583177.0,200.0
583377.0,200.0
583577.0,200.0
583777.0,200.0
583977.0,200.0
584177.0,200.0
584377.0,200.0
584577.0,200.0
584777.0,200.0
584977.0,200.0
585177.0,200.0
585377.0,200.0
585577.0,200.0
585777.0,200.0
585977.0,200.0
586177.0,200.0
586377.0,200.0
586577.0,200.0
586777.0,200.0
586977.0,200.0
587177.0,200.0
587377.0,200.0
587577.0,200.0
587777.0,200.0
587977.0,200.0
588177.0,200.0
588377.0,200.0
588577.0,200.0
588777.0,200.0
588977.0,200.0
589177.0,200.0
589377.0,200.0
589577.0,200.0
589671.0,94.0
589681.0,10.0
589691.0,10.0
589866.0,175.0
589875.0,9.0
589884.0,9.0
590046.0,162.0
590246.0,200.0
590446.0,200.0
590646.0,200.0
590846.0,200.0
591046.0,200.0
591246.0,200.0
591446.0,200.0
591646.0,200.0
591846.0,200.0
592046.0,200.0
592246.0,200.0
592446.0,200.0
592646.0,200.0
592846.0,200.0
593046.0,200.0
593246.0,200.0
593446.0,200.0
593646.0,200.0
593846.0,200.0
594046.0,200.0
594246.0,200.0
594446.0,200.0
594646.0,200.0
594846.0,200.0
595046.0,200.0
595246.0,200.0
595446.0,200.0
595646.0,200.0
595846.0,200.0
596046.0,200.0
596246.0,200.0
596446.0,200.0
596646.0,200.0
596846.0,200.0
597046.0,200.0
597246.0,200.0
597446.0,200.0
597646.0,200.0
597846.0,200.0
598046.0,200.0
598246.0,200.0
598446.0,200.0
598646.0,200.0
598846.0,200.0
599046.0,200.0
599246.0,200.0
599446.0,200.0
599646.0,200.0
599846.0,200.0
600046.0,200.0
600246.0,200.0
600446.0,200.0
600646.0,200.0
600846.0,200.0
601046.0,200.0
601246.0,200.0
601446.0,200.0
601646.0,200.0
601846.0,200.0
602046.0,200.0
602246.0,200.0
602446.0,200.0
602646.0,200.0
602846.0,200.0
603046.0,200.0
603246.0,200.0
603446.0,200.0
603646.0,200.0
603821.0,175.0
604021.0,200.0
604221.0,200.0
604421.0,200.0
604621.0,200.0
604821.0,200.0
605021.0,200.0
605221.0,200.0
605421.0,200.0
605621.0,200.0
605821.0,200.0
606021.0,200.0
606221.0,200.0
606421.0,200.0
606621.0,200.0
606821.0,200.0
607021.0,200.0
607194.0,173.0
607342.0,148.0
607542.0,200.0
607742.0,200.0
607942.0,200.0
608142.0,200.0
608342.0,200.0
608542.0,200.0
608676.0,134.0
608876.0,200.0
609076.0,200.0
609276.0,200.0
609476.0,200.0
609676.0,200.0
609876.0,200.0
610076.0,200.0
610276.0,200.0
610476.0,200.0
610676.0,200.0
610876.0,200.0
611076.0,200.0
611276.0,200.0
611476.0,200.0
611676.0,200.0
611876.0,200.0
612076.0,200.0
612276.0,200.0
612457.0,181.0
612504.0,47.0
612704.0,200.0
612904.0,200.0
613104.0,200.0
613304.0,200.0
613504.0,200.0
613704.0,200.0
613904.0,200.0
614104.0,200.0
614304.0,200.0
614504.0,200.0
614704.0,200.0
614904.0,200.0
615104.0,200.0
615304.0,200.0
615504.0,200.0
615704.0,200.0
615904.0,200.0
616104.0,200.0
616304.0,200.0
616504.0,200.0
616704.0,200.0
616904.0,200.0
617104.0,200.0
617304.0,200.0
617504.0,200.0
617704.0,200.0
617904.0,200.0
618104.0,200.0
618304.0,200.0
618504.0,200.0
618704.0,200.0
618904.0,200.0
619104.0,200.0
619304.0,200.0
619504.0,200.0
619704.0,200.0
619904.0,200.0
620104.0,200.0
620304.0,200.0
620504.0,200.0
620704.0,200.0
620904.0,200.0
621104.0,200.0
621304.0,200.0
621504.0,200.0
621704.0,200.0
621904.0,200.0
622104.0,200.0
622304.0,200.0
622504.0,200.0
622704.0,200.0
622904.0,200.0
623104.0,200.0
623304.0,200.0
623504.0,200.0
623704.0,200.0
623904.0,200.0
624104.0,200.0
624151.0,47.0
624351.0,200.0
624529.0,178.0
624729.0,200.0
624929.0,200.0
625129.0,200.0
625329.0,200.0
625529.0,200.0
625729.0,200.0
625929.0,200.0
626129.0,200.0
626329.0,200.0
626529.0,200.0
626729.0,200.0
626929.0,200.0
627129.0,200.0
627329.0,200.0
627529.0,200.0
627729.0,200.0
627929.0,200.0
628129.0,200.0
628329.0,200.0
628529.0,200.0
628729.0,200.0
628929.0,200.0
629129.0,200.0
629329.0,200.0
629529.0,200.0
629729.0,200.0
629929.0,200.0
630129.0,200.0
630329.0,200.0
630529.0,200.0
630729.0,200.0
630929.0,200.0
631129.0,200.0
631329.0,200.0
631529.0,200.0
631729.0,200.0
631929.0,200.0
632129.0,200.0
632179.0,50.0
632189.0,10.0
632229.0,40.0
632429.0,200.0
632629.0,200.0
632829.0,200.0
633029.0,200.0
633229.0,200.0
633429.0,200.0
633629.0,200.0
633829.0,200.0
634029.0,200.0
634229.0,200.0
634429.0,200.0
634627.0,198.0
634752.0,125.0
634819.0,67.0
634832.0,13.0
634917.0,85.0
635117.0,200.0
635317.0,200.0
635517.0,200.0
635717.0,200.0
635917.0,200.0
636117.0,200.0
636317.0,200.0
636517.0,200.0
636717.0,200.0
636917.0,200.0
637117.0,200.0
637317.0,200.0
637517.0,200.0
637717.0,200.0
637917.0,200.0
638117.0,200.0
638317.0,200.0
638517.0,200.0
638717.0,200.0
638917.0,200.0
639117.0,200.0
639317.0,200.0
639517.0,200.0
639717.0,200.0
639917.0,200.0
640117.0,200.0
640317.0,200.0
640517.0,200.0
640717.0,200.0
640917.0,200.0
641117.0,200.0
641317.0,200.0
641517.0,200.0
641717.0,200.0
641917.0,200.0
642117.0,200.0
642317.0,200.0
642517.0,200.0
642717.0,200.0
642917.0,200.0
643117.0,200.0
643317.0,200.0
643517.0,200.0
643717.0,200.0
643917.0,200.0
644117.0,200.0
644317.0,200.0
644517.0,200.0
644717.0,200.0
644917.0,200.0
645117.0,200.0
645317.0,200.0
645517.0,200.0
645717.0,200.0
645917.0,200.0
646117.0,200.0
646317.0,200.0
646517.0,200.0
646717.0,200.0
646917.0,200.0
647117.0,200.0
647317.0,200.0
647517.0,200.0
647717.0,200.0
647917.0,200.0
648117.0,200.0
648317.0,200.0
648517.0,200.0
648717.0,200.0
648917.0,200.0
649117.0,200.0
649317.0,200.0
649517.0,200.0
649642.0,125.0
649694.0,52.0
649703.0,9.0
649714.0,11.0
649726.0,12.0
649895.0,169.0
650095.0,200.0
650295.0,200.0
650495.0,200.0
650695.0,200.0
650895.0,200.0
651095.0,200.0
651295.0,200.0
651495.0,200.0
651695.0,200.0
651895.0,200.0
652095.0,200.0
652295.0,200.0
652495.0,200.0
652695.0,200.0
652895.0,200.0
653095.0,200.0
653295.0,200.0
653495.0,200.0
653695.0,200.0
653895.0,200.0
654095.0,200.0
654295.0,200.0
654495.0,200.0
654695.0,200.0
654895.0,200.0
655095.0,200.0
655295.0,200.0
655495.0,200.0
655695.0,200.0
655895.0,200.0
656095.0,200.0
656295.0,200.0
656495.0,200.0
656695.0,200.0
656895.0,200.0
657095.0,200.0
657295.0,200.0
657495.0,200.0
657695.0,200.0
657895.0,200.0
658095.0,200.0
658295.0,200.0
658495.0,200.0
658695.0,200.0
658895.0,200.0
659095.0,200.0
659295.0,200.0
659495.0,200.0
659695.0,200.0
659895.0,200.0
660095.0,200.0
660295.0,200.0
660495.0,200.0
660695.0,200.0
660895.0,200.0
661095.0,200.0
661295.0,200.0
661495.0,200.0
661695.0,200.0
661895.0,200.0
662095.0,200.0
662295.0,200.0
662495.0,200.0
662695.0,200.0
662856.0,161.0
663056.0,200.0
663256.0,200.0
663456.0,200.0
663656.0,200.0
663856.0,200.0
664056.0,200.0
664256.0,200.0
664456.0,200.0
664656.0,200.0
664856.0,200.0
665056.0,200.0
665256.0,200.0
665456.0,200.0
665656.0,200.0
665856.0,200.0
666056.0,200.0
666256.0,200.0
666456.0,200.0
666656.0,200.0
666856.0,200.0
667056.0,200.0
667256.0,200.0
667456.0,200.0
667656.0,200.0
667856.0,200.0
668056.0,200.0
668256.0,200.0
668456.0,200.0
668656.0,200.0
668856.0,200.0
669056.0,200.0
669256.0,200.0
669426.0,170.0
669449.0,23.0
669459.0,10.0
669469.0,10.0
669669.0,200.0
669869.0,200.0
670069.0,200.0
670269.0,200.0
670469.0,200.0
670669.0,200.0
670869.0,200.0
671069.0,200.0
671269.0,200.0
671469.0,200.0
671669.0,200.0
671869.0,200.0
672049.0,180.0
672217.0,168.0
672232.0,15.0
672250.0,18.0
672361.0,111.0
672543.0,182.0
672743.0,200.0
672943.0,200.0
673143.0,200.0
673343.0,200.0
673543.0,200.0
673743.0,200.0
673943.0,200.0
674143.0,200.0
674343.0,200.0
674543.0,200.0
674743.0,200.0
674943.0,200.0
675143.0,200.0
675343.0,200.0
675543.0,200.0
675743.0,200.0
675943.0,200.0
676143.0,200.0
676335.0,192.0
676498.0,163.0
676698.0,200.0
676898.0,200.0
677097.0,199.0
677297.0,200.0
677497.0,200.0
677697.0,200.0
677897.0,200.0
678097.0,200.0
678297.0,200.0
678497.0,200.0
678697.0,200.0
678897.0,200.0
679097.0,200.0
679292.0,195.0
679492.0,200.0
679672.0,180.0
679865.0,193.0
680063.0,198.0
680233.0,170.0
680404.0,171.0
680604.0,200.0
680774.0,170.0
680941.0,167.0
681094.0,153.0
681246.0,152.0
681385.0,139.0
681524.0,139.0
681660.0,136.0
681786.0,126.0
681917.0,131.0
682038.0,121.0
682159.0,121.0
682270.0,111.0
682393.0,123.0
682513.0,120.0
682644.0,131.0
682770.0,126.0
682903.0,133.0
683029.0,126.0
683163.0,134.0
683306.0,143.0
683438.0,132.0
683584.0,146.0
683735.0,151.0
683876.0,141.0
684036.0,160.0
684211.0,175.0
684397.0,186.0
684566.0,169.0
684766.0,200.0
684937.0,171.0
685137.0,200.0
685337.0,200.0
685537.0,200.0
685737.0,200.0
685937.0,200.0
686137.0,200.0
686337.0,200.0
686537.0,200.0
686737.0,200.0
686910.0,173.0
687110.0,200.0
687310.0,200.0
687510.0,200.0
687710.0,200.0
687910.0,200.0
688110.0,200.0
688310.0,200.0
688510.0,200.0
688710.0,200.0
688910.0,200.0
689110.0,200.0
689310.0,200.0
689510.0,200.0
689710.0,200.0
689910.0,200.0
690110.0,200.0
690310.0,200.0
690510.0,200.0
690710.0,200.0
690756.0,46.0
690833.0,77.0
690841.0,8.0
690853.0,12.0
691033.0,180.0
691046.0,13.0
691178.0,132.0
691319.0,141.0
691519.0,200.0
691719.0,200.0
691919.0,200.0
692119.0,200.0
692319.0,200.0
692519.0,200.0
692719.0,200.0
692919.0,200.0
693119.0,200.0
693319.0,200.0
693519.0,200.0
693719.0,200.0
693919.0,200.0
694119.0,200.0
694319.0,200.0
694519.0,200.0
694719.0,200.0
694919.0,200.0
695119.0,200.0
695319.0,200.0
695519.0,200.0
695719.0,200.0
695919.0,200.0
696119.0,200.0
696319.0,200.0
696519.0,200.0
696719.0,200.0
696919.0,200.0
697119.0,200.0
697319.0,200.0
697519.0,200.0
697719.0,200.0
697919.0,200.0
698102.0,183.0
698302.0,200.0
698502.0,200.0
698702.0,200.0
698902.0,200.0
699102.0,200.0
699302.0,200.0
699502.0,200.0
699702.0,200.0
699902.0,200.0
700102.0,200.0
700302.0,200.0
700502.0,200.0
700702.0,200.0
700902.0,200.0
701102.0,200.0
701302.0,200.0
701502.0,200.0
701702.0,200.0
701902.0,200.0
702102.0,200.0
702302.0,200.0
702502.0,200.0
702702.0,200.0
702902.0,200.0
703102.0,200.0
703302.0,200.0
703502.0,200.0
703702.0,200.0
703902.0,200.0
704102.0,200.0
704302.0,200.0
704502.0,200.0
704702.0,200.0
704902.0,200.0
705102.0,200.0
705302.0,200.0
705502.0,200.0
705702.0,200.0
705902.0,200.0
706102.0,200.0
706302.0,200.0
706502.0,200.0
706702.0,200.0
706742.0,40.0
706876.0,134.0
706954.0,78.0
707043.0,89.0
707139.0,96.0
707229.0,90.0
707316.0,87.0
707400.0,84.0
707482.0,82.0
707563.0,81.0
707652.0,89.0
707740.0,88.0
707832.0,92.0
707924.0,92.0
708028.0,104.0
708135.0,107.0
708241.0,106.0
708353.0,112.0
708465.0,112.0
708580.0,115.0
708697.0,117.0
708817.0,120.0
708955.0,138.0
709068.0,113.0
709200.0,132.0
709334.0,134.0
709479.0,145.0
709601.0,122.0
709776.0,175.0
709949.0,173.0
710105.0,156.0
710283.0,178.0
710465.0,182.0
710633.0,168.0
710814.0,181.0
711003.0,189.0
711178.0,175.0
711304.0,126.0
711469.0,165.0
711588.0,119.0
711746.0,158.0
711946.0,200.0
712146.0,200.0
712346.0,200.0
712546.0,200.0
712746.0,200.0
712946.0,200.0
713146.0,200.0
713346.0,200.0
713546.0,200.0
713746.0,200.0
713946.0,200.0
714146.0,200.0
714346.0,200.0
714546.0,200.0
714746.0,200.0
714946.0,200.0
715146.0,200.0
715346.0,200.0
715546.0,200.0
715746.0,200.0
715946.0,200.0
716146.0,200.0
716346.0,200.0
716546.0,200.0
716743.0,197.0
716754.0,11.0
716940.0,186.0
717034.0,94.0
717145.0,111.0
717268.0,123.0
717419.0,151.0
717590.0,171.0
717769.0,179.0
717969.0,200.0
718169.0,200.0
718369.0,200.0
718569.0,200.0
718769.0,200.0
718969.0,200.0
719169.0,200.0
719369.0,200.0
719569.0,200.0
719769.0,200.0
719969.0,200.0
720169.0,200.0
720369.0,200.0
720569.0,200.0
720769.0,200.0
720969.0,200.0
721169.0,200.0
721369.0,200.0
721569.0,200.0
721769.0,200.0
721969.0,200.0
722169.0,200.0
722369.0,200.0
722569.0,200.0
722769.0,200.0
722969.0,200.0
723169.0,200.0
723369.0,200.0
723569.0,200.0
723769.0,200.0
723969.0,200.0
724169.0,200.0
724369.0,200.0
724569.0,200.0
724769.0,200.0
724969.0,200.0
725169.0,200.0
725369.0,200.0
725569.0,200.0
725769.0,200.0
725969.0,200.0
726169.0,200.0
726369.0,200.0
726569.0,200.0
726769.0,200.0
726969.0,200.0
727169.0,200.0
727369.0,200.0
727569.0,200.0
727769.0,200.0
727969.0,200.0
728169.0,200.0
728369.0,200.0
728569.0,200.0
728769.0,200.0
728969.0,200.0
729169.0,200.0
729369.0,200.0
729569.0,200.0
729769.0,200.0
729969.0,200.0
730169.0,200.0
730369.0,200.0
730569.0,200.0
730769.0,200.0
730969.0,200.0
731169.0,200.0
731369.0,200.0
731569.0,200.0
731769.0,200.0
731969.0,200.0
732169.0,200.0
732369.0,200.0
732569.0,200.0
732769.0,200.0
732969.0,200.0
733169.0,200.0
733369.0,200.0
733436.0,67.0
733623.0,187.0
733754.0,131.0
733954.0,200.0
734154.0,200.0
734354.0,200.0
734554.0,200.0
734754.0,200.0
734954.0,200.0
735154.0,200.0
735354.0,200.0
735554.0,200.0
735754.0,200.0
735954.0,200.0
736154.0,200.0
736354.0,200.0
736554.0,200.0
736754.0,200.0
736954.0,200.0
737154.0,200.0
737354.0,200.0
737554.0,200.0
737754.0,200.0
737954.0,200.0
738154.0,200.0
738354.0,200.0
738554.0,200.0
738754.0,200.0
738954.0,200.0
739154.0,200.0
739354.0,200.0
739554.0,200.0
739754.0,200.0
739954.0,200.0
740154.0,200.0
740354.0,200.0
740554.0,200.0
740754.0,200.0
740954.0,200.0
741154.0,200.0
741354.0,200.0
741554.0,200.0
741754.0,200.0
741954.0,200.0
742154.0,200.0
742354.0,200.0
742554.0,200.0
742754.0,200.0
742954.0,200.0
743154.0,200.0
743354.0,200.0
743554.0,200.0
743754.0,200.0
743954.0,200.0
744154.0,200.0
744354.0,200.0
744554.0,200.0
744754.0,200.0
744954.0,200.0
745154.0,200.0
745354.0,200.0
745554.0,200.0
745754.0,200.0
745954.0,200.0
746154.0,200.0
746354.0,200.0
746554.0,200.0
746754.0,200.0
746954.0,200.0
747154.0,200.0
747354.0,200.0
747467.0,113.0
747495.0,28.0
747687.0,192.0
747887.0,200.0
748087.0,200.0
748287.0,200.0
748487.0,200.0
748687.0,200.0
748887.0,200.0
749087.0,200.0
749287.0,200.0
749487.0,200.0
749687.0,200.0
749887.0,200.0
750087.0,200.0
750287.0,200.0
750487.0,200.0
750687.0,200.0
750887.0,200.0
751087.0,200.0
751287.0,200.0
751487.0,200.0
751687.0,200.0
751887.0,200.0
752087.0,200.0
752287.0,200.0
752487.0,200.0
752687.0,200.0
752887.0,200.0
753087.0,200.0
753287.0,200.0
753487.0,200.0
753687.0,200.0
753887.0,200.0
754087.0,200.0
754287.0,200.0
754487.0,200.0
754687.0,200.0
754887.0,200.0
755087.0,200.0
755287.0,200.0
755487.0,200.0
755687.0,200.0
755887.0,200.0
756087.0,200.0
756287.0,200.0
756487.0,200.0
756687.0,200.0
756887.0,200.0
757087.0,200.0
757287.0,200.0
757487.0,200.0
757687.0,200.0
757789.0,102.0
757900.0,111.0
757910.0,10.0
757921.0,11.0
757931.0,10.0
757967.0,36.0
758130.0,163.0
758174.0,44.0
758306.0,132.0
758346.0,40.0
758491.0,145.0
758535.0,44.0
758663.0,128.0
758714.0,51.0
758846.0,132.0
758914.0,68.0
759024.0,110.0
759094.0,70.0
759181.0,87.0
759264.0,83.0
759336.0,72.0
759400.0,64.0
759470.0,70.0
759538.0,68.0
759614.0,76.0
759680.0,66.0
759742.0,62.0
759804.0,62.0
759871.0,67.0
759959.0,88.0
760026.0,67.0
760129.0,103.0
760217.0,88.0
760319.0,102.0
760399.0,80.0
760471.0,72.0
760544.0,73.0
760639.0,95.0
760720.0,81.0
760802.0,82.0
760898.0,96.0
760966.0,68.0
761047.0,81.0
761120.0,73.0
761197.0,77.0
761279.0,82.0
761361.0,82.0
761472.0,111.0
761544.0,72.0
761630.0,86.0
761715.0,85.0
761800.0,85.0
761902.0,102.0
761992.0,90.0
762093.0,101.0
762188.0,95.0
762261.0,73.0
762341.0,80.0
762427.0,86.0
762522.0,95.0
762603.0,81.0
762702.0,99.0
762804.0,102.0
762900.0,96.0
762973.0,73.0
763059.0,86.0
763154.0,95.0
763248.0,94.0
763347.0,99.0
763468.0,121.0
763582.0,114.0
763695.0,113.0
763809.0,114.0
763915.0,106.0
764034.0,119.0
764140.0,106.0
764272.0,132.0
764408.0,136.0
764537.0,129.0
764664.0,127.0
764759.0,95.0
764875.0,116.0
765013.0,138.0
765163.0,150.0
765340.0,177.0
765540.0,200.0
765632.0,92.0
765771.0,139.0
765971.0,200.0
766171.0,200.0
766371.0,200.0
766510.0,139.0
766710.0,200.0
766910.0,200.0
767110.0,200.0
767310.0,200.0
767510.0,200.0
767710.0,200.0
767910.0,200.0
768110.0,200.0
768310.0,200.0
768510.0,200.0
768685.0,175.0
768885.0,200.0
769085.0,200.0
769285.0,200.0
769483.0,198.0
769683.0,200.0
769883.0,200.0
770083.0,200.0
770283.0,200.0
770483.0,200.0
770683.0,200.0
770883.0,200.0
771083.0,200.0
771283.0,200.0
771483.0,200.0
771683.0,200.0
771883.0,200.0
772083.0,200.0
772283.0,200.0
772483.0,200.0
772608.0,125.0
772784.0,176.0
772984.0,200.0
773184.0,200.0
773384.0,200.0
773584.0,200.0
773784.0,200.0
773984.0,200.0
774184.0,200.0
774384.0,200.0
774584.0,200.0
774784.0,200.0
774984.0,200.0
775184.0,200.0
775384.0,200.0
775584.0,200.0
775784.0,200.0
775984.0,200.0
776184.0,200.0
776384.0,200.0
776584.0,200.0
776784.0,200.0
776984.0,200.0
777184.0,200.0
777384.0,200.0
777584.0,200.0
777784.0,200.0
777984.0,200.0
778184.0,200.0
778384.0,200.0
778584.0,200.0
778784.0,200.0
778984.0,200.0
779184.0,200.0
779384.0,200.0
779584.0,200.0
779784.0,200.0
779984.0,200.0
780184.0,200.0
780384.0,200.0
780584.0,200.0
780784.0,200.0
780984.0,200.0
781184.0,200.0
781384.0,200.0
781584.0,200.0
781784.0,200.0
781984.0,200.0
782184.0,200.0
782384.0,200.0
782584.0,200.0
782784.0,200.0
782984.0,200.0
783184.0,200.0
783384.0,200.0
783584.0,200.0
783784.0,200.0
783984.0,200.0
784184.0,200.0
784384.0,200.0
784584.0,200.0
784784.0,200.0
784984.0,200.0
785184.0,200.0
785384.0,200.0
785584.0,200.0
785784.0,200.0
785984.0,200.0
786184.0,200.0
786384.0,200.0
786584.0,200.0
786784.0,200.0
786984.0,200.0
787184.0,200.0
787384.0,200.0
787584.0,200.0
787784.0,200.0
787868.0,84.0
788068.0,200.0
788268.0,200.0
788468.0,200.0
788668.0,200.0
788868.0,200.0
789068.0,200.0
789268.0,200.0
789468.0,200.0
789668.0,200.0
789868.0,200.0
790068.0,200.0
790268.0,200.0
790468.0,200.0
790668.0,200.0
790868.0,200.0
791068.0,200.0
791268.0,200.0
791468.0,200.0
791668.0,200.0
791868.0,200.0
792068.0,200.0
792268.0,200.0
792468.0,200.0
792668.0,200.0
792868.0,200.0
793068.0,200.0
793268.0,200.0
793468.0,200.0
793668.0,200.0
793868.0,200.0
794068.0,200.0
794268.0,200.0
794468.0,200.0
794668.0,200.0
794868.0,200.0
795068.0,200.0
795268.0,200.0
795468.0,200.0
795668.0,200.0
795868.0,200.0
796068.0,200.0
796268.0,200.0
796468.0,200.0
796668.0,200.0
796868.0,200.0
797068.0,200.0
797268.0,200.0
797468.0,200.0
797668.0,200.0
797714.0,46.0
797725.0,11.0
797770.0,45.0
797970.0,200.0
797980.0,10.0
798172.0,192.0
798324.0,152.0
798524.0,200.0
798724.0,200.0
798924.0,200.0
799110.0,186.0
799283.0,173.0
799483.0,200.0
799683.0,200.0
799864.0,181.0
800038.0,174.0
800238.0,200.0
800424.0,186.0
800605.0,181.0
800805.0,200.0
801005.0,200.0
801205.0,200.0
801405.0,200.0
801605.0,200.0
801805.0,200.0
802005.0,200.0
802205.0,200.0
802405.0,200.0
802605.0,200.0
802805.0,200.0
803005.0,200.0
803205.0,200.0
803405.0,200.0
803605.0,200.0
803805.0,200.0
804005.0,200.0
804205.0,200.0
804405.0,200.0
804605.0,200.0
804805.0,200.0
805005.0,200.0
805205.0,200.0
805405.0,200.0
805605.0,200.0
805805.0,200.0
806005.0,200.0
806205.0,200.0
806405.0,200.0
806605.0,200.0
806805.0,200.0
807005.0,200.0
807205.0,200.0
807399.0,194.0
807595.0,196.0
807795.0,200.0
807995.0,200.0
808195.0,200.0
808395.0,200.0
808595.0,200.0
808795.0,200.0
808995.0,200.0
809195.0,200.0
809395.0,200.0
809595.0,200.0
809795.0,200.0
809995.0,200.0
810195.0,200.0
810395.0,200.0
810595.0,200.0
810795.0,200.0
810995.0,200.0
811195.0,200.0
811395.0,200.0
811479.0,84.0
811497.0,18.0
811519.0,22.0
811588.0,69.0
811716.0,128.0
811727.0,11.0
811738.0,11.0
811751.0,13.0
811768.0,17.0
811866.0,98.0
811875.0,9.0
811888.0,13.0
812002.0,114.0
812023.0,21.0
812134.0,111.0
812239.0,105.0
812345.0,106.0
812441.0,96.0
812586.0,145.0
812689.0,103.0
812793.0,104.0
812888.0,95.0
812903.0,15.0
812918.0,15.0
812930.0,12.0
813022.0,92.0
813086.0,64.0
813176.0,90.0
813257.0,81.0
813357.0,100.0
813449.0,92.0
813547.0,98.0
813650.0,103.0
813745.0,95.0
813844.0,99.0
813943.0,99.0
814034.0,91.0
814128.0,94.0
814224.0,96.0
814320.0,96.0
814417.0,97.0
814513.0,96.0
814612.0,99.0
814706.0,94.0
814722.0,16.0
814825.0,103.0
814927.0,102.0
815026.0,99.0
815123.0,97.0
815220.0,97.0
815320.0,100.0
815421.0,101.0
815524.0,103.0
815626.0,102.0
815727.0,101.0
815836.0,109.0
815944.0,108.0
816039.0,95.0
816142.0,103.0
816250.0,108.0
816357.0,107.0
816469.0,112.0
816577.0,108.0
816683.0,106.0
816788.0,105.0
816896.0,108.0
817006.0,110.0
817105.0,99.0
817214.0,109.0
817327.0,113.0
817432.0,105.0
817544.0,112.0
817654.0,110.0
817766.0,112.0
817876.0,110.0
817993.0,117.0
818099.0,106.0
818204.0,105.0
818319.0,115.0
818441.0,122.0
818548.0,107.0
818669.0,121.0
818785.0,116.0
818906.0,121.0
819028.0,122.0
819147.0,119.0
819276.0,129.0
819392.0,116.0
819513.0,121.0
819629.0,116.0
819756.0,127.0
819911.0,155.0
820065.0,154.0
820213.0,148.0
820359.0,146.0
820559.0,200.0
820701.0,142.0
820798.0,97.0
820998.0,200.0
821119.0,121.0
821255.0,136.0
821413.0,158.0
821596.0,183.0
821775.0,179.0
821968.0,193.0
822168.0,200.0
822368.0,200.0
822495.0,127.0
822662.0,167.0
822802.0,140.0
822910.0,108.0
822999.0,89.0
823080.0,81.0
823167.0,87.0
823250.0,83.0
823333.0,83.0
823424.0,91.0
823557.0,133.0
823696.0,139.0
823839.0,143.0
823962.0,123.0
824075.0,113.0
824177.0,102.0
824287.0,110.0
824378.0,91.0
824477.0,99.0
824575.0,98.0
824675.0,100.0
824798.0,123.0
824918.0,120.0
825053.0,135.0
825197.0,144.0
825330.0,133.0
825472.0,142.0
825603.0,131.0
825743.0,140.0
825883.0,140.0
826023.0,140.0
826173.0,150.0
826344.0,171.0
826544.0,200.0
826744.0,200.0
826944.0,200.0
827144.0,200.0
827344.0,200.0
827544.0,200.0
827744.0,200.0
827944.0,200.0
828144.0,200.0
828344.0,200.0
828544.0,200.0
828744.0,200.0
828944.0,200.0
829144.0,200.0
829344.0,200.0
829544.0,200.0
829744.0,200.0
829944.0,200.0
830144.0,200.0
830344.0,200.0
830544.0,200.0
830744.0,200.0
830944.0,200.0
831144.0,200.0
831344.0,200.0
831544.0,200.0
831744.0,200.0
831944.0,200.0
832144.0,200.0
832344.0,200.0
832544.0,200.0
832744.0,200.0
832944.0,200.0
833144.0,200.0
833344.0,200.0
833544.0,200.0
833744.0,200.0
833944.0,200.0
834144.0,200.0
834344.0,200.0
834544.0,200.0
834744.0,200.0
834944.0,200.0
835144.0,200.0
835344.0,200.0
835544.0,200.0
835744.0,200.0
835944.0,200.0
836144.0,200.0
836344.0,200.0
836544.0,200.0
836744.0,200.0
836944.0,200.0
837144.0,200.0
837344.0,200.0
837544.0,200.0
837572.0,28.0
837713.0,141.0
837722.0,9.0
837733.0,11.0
837744.0,11.0
837758.0,14.0
837958.0,200.0
838010.0,52.0
838020.0,10.0
838031.0,11.0
838094.0,63.0
838294.0,200.0
838494.0,200.0
838694.0,200.0
838894.0,200.0
839094.0,200.0
839294.0,200.0
839494.0,200.0
839694.0,200.0
839894.0,200.0
840094.0,200.0
840294.0,200.0
840494.0,200.0
840694.0,200.0
840894.0,200.0
841094.0,200.0
841294.0,200.0
841494.0,200.0
841694.0,200.0
841894.0,200.0
842094.0,200.0
842294.0,200.0
842494.0,200.0
842694.0,200.0
842894.0,200.0
843094.0,200.0
843294.0,200.0
843494.0,200.0
843694.0,200.0
843894.0,200.0
844094.0,200.0
844281.0,187.0
844417.0,136.0
844429.0,12.0
844446.0,17.0
844559.0,113.0
844759.0,200.0
844959.0,200.0
845159.0,200.0
845341.0,182.0
845516.0,175.0
845673.0,157.0
845817.0,144.0
845940.0,123.0
845951.0,11.0
845964.0,13.0
845976.0,12.0
846087.0,111.0
846287.0,200.0
846487.0,200.0
846687.0,200.0
846887.0,200.0
847087.0,200.0
847287.0,200.0
847487.0,200.0
847687.0,200.0
847887.0,200.0
848087.0,200.0
848287.0,200.0
848487.0,200.0
848687.0,200.0
848887.0,200.0
849087.0,200.0
849287.0,200.0
849487.0,200.0
849687.0,200.0
849887.0,200.0
850087.0,200.0
850287.0,200.0
850487.0,200.0
850687.0,200.0
850887.0,200.0
851087.0,200.0
851287.0,200.0
851487.0,200.0
851687.0,200.0
851887.0,200.0
852087.0,200.0
852287.0,200.0
852487.0,200.0
852685.0,198.0
852830.0,145.0
852842.0,12.0
852853.0,11.0
853037.0,184.0
853111.0,74.0
853193.0,82.0
853264.0,71.0
853344.0,80.0
853409.0,65.0
853474.0,65.0
853545.0,71.0
853618.0,73.0
853695.0,77.0
853783.0,88.0
853875.0,92.0
853963.0,88.0
854043.0,80.0
854117.0,74.0
854191.0,74.0
854265.0,74.0
854339.0,74.0
854410.0,71.0
854491.0,81.0
854578.0,87.0
854671.0,93.0
854751.0,80.0
854827.0,76.0
854909.0,82.0
854976.0,67.0
855044.0,68.0
855121.0,77.0
855196.0,75.0
855281.0,85.0
855353.0,72.0
855440.0,87.0
855512.0,72.0
855592.0,80.0
855680.0,88.0
855770.0,90.0
855857.0,87.0
855956.0,99.0
856047.0,91.0
856153.0,106.0
856245.0,92.0
856357.0,112.0
856448.0,91.0
856549.0,101.0
856693.0,144.0
856839.0,146.0
857026.0,187.0
857226.0,200.0
857426.0,200.0
857626.0,200.0
857826.0,200.0
858026.0,200.0
858184.0,158.0
858330.0,146.0
858530.0,200.0
858730.0,200.0
858930.0,200.0
859130.0,200.0
859330.0,200.0
859530.0,200.0
859730.0,200.0
859930.0,200.0
860130.0,200.0
860330.0,200.0
860530.0,200.0
860730.0,200.0
860930.0,200.0
861130.0,200.0
861330.0,200.0
861530.0,200.0
861730.0,200.0
861930.0,200.0
862130.0,200.0
862330.0,200.0
862530.0,200.0
862730.0,200.0
862930.0,200.0
863130.0,200.0
863330.0,200.0
863530.0,200.0
863730.0,200.0
863930.0,200.0
864130.0,200.0
864330.0,200.0
864530.0,200.0
864730.0,200.0
864930.0,200.0
865130.0,200.0
865330.0,200.0
865530.0,200.0
865730.0,200.0
865930.0,200.0
866130.0,200.0
866330.0,200.0
866530.0,200.0
866730.0,200.0
866930.0,200.0
867130.0,200.0
867330.0,200.0
867530.0,200.0
867730.0,200.0
867930.0,200.0
868130.0,200.0
868330.0,200.0
868530.0,200.0
868730.0,200.0
868930.0,200.0
869130.0,200.0
869330.0,200.0
869530.0,200.0
869730.0,200.0
869930.0,200.0
870130.0,200.0
870330.0,200.0
870358.0,28.0
870558.0,200.0
870569.0,11.0
870582.0,13.0
870597.0,15.0
870797.0,200.0
870997.0,200.0
871196.0,199.0
871206.0,10.0
871217.0,11.0
871417.0,200.0
871617.0,200.0
871817.0,200.0
872017.0,200.0
872217.0,200.0
872417.0,200.0
872617.0,200.0
872817.0,200.0
873017.0,200.0
873217.0,200.0
873417.0,200.0
873617.0,200.0
873817.0,200.0
874017.0,200.0
874217.0,200.0
874417.0,200.0
874617.0,200.0
874817.0,200.0
874971.0,154.0
875087.0,116.0
875214.0,127.0
875350.0,136.0
875488.0,138.0
875661.0,173.0
875810.0,149.0
875980.0,170.0
876168.0,188.0
876338.0,170.0
876538.0,200.0
876738.0,200.0
876938.0,200.0
877138.0,200.0
877338.0,200.0
877538.0,200.0
877738.0,200.0
877938.0,200.0
878138.0,200.0
878338.0,200.0
878538.0,200.0
878738.0,200.0
878938.0,200.0
879138.0,200.0
879338.0,200.0
879538.0,200.0
879738.0,200.0
879938.0,200.0
880138.0,200.0
880338.0,200.0
880538.0,200.0
880738.0,200.0
880938.0,200.0
881138.0,200.0
881338.0,200.0
881538.0,200.0
881738.0,200.0
881938.0,200.0
882138.0,200.0
882338.0,200.0
882538.0,200.0
882738.0,200.0
882938.0,200.0
883138.0,200.0
883338.0,200.0
883538.0,200.0
883738.0,200.0
883938.0,200.0
884138.0,200.0
884338.0,200.0
884538.0,200.0
884738.0,200.0
884938.0,200.0
885138.0,200.0
885338.0,200.0
885538.0,200.0
885738.0,200.0
885938.0,200.0
886138.0,200.0
886338.0,200.0
886538.0,200.0
886738.0,200.0
886938.0,200.0
887138.0,200.0
887338.0,200.0
887538.0,200.0
887738.0,200.0
887764.0,26.0
887828.0,64.0
887838.0,10.0
887848.0,10.0
887859.0,11.0
888059.0,200.0
888225.0,166.0
888425.0,200.0
888625.0,200.0
888825.0,200.0
889025.0,200.0
889225.0,200.0
889425.0,200.0
889436.0,11.0
889636.0,200.0
889793.0,157.0
889993.0,200.0
890193.0,200.0
890393.0,200.0
890593.0,200.0
890793.0,200.0
890993.0,200.0
891193.0,200.0
891393.0,200.0
891593.0,200.0
891793.0,200.0
891993.0,200.0
892193.0,200.0
892393.0,200.0
892593.0,200.0
892793.0,200.0
892993.0,200.0
893193.0,200.0
893393.0,200.0
893593.0,200.0
893793.0,200.0
893993.0,200.0
894193.0,200.0
894393.0,200.0
894593.0,200.0
894793.0,200.0
894993.0,200.0
895193.0,200.0
895393.0,200.0
895593.0,200.0
895793.0,200.0
895993.0,200.0
896193.0,200.0
896393.0,200.0
896593.0,200.0
896793.0,200.0
896993.0,200.0
897193.0,200.0
897393.0,200.0
897593.0,200.0
897793.0,200.0
897993.0,200.0
898193.0,200.0
898393.0,200.0
898593.0,200.0
898793.0,200.0
898993.0,200.0
899193.0,200.0
899393.0,200.0
899593.0,200.0
899793.0,200.0
899993.0,200.0
900193.0,200.0
900335.0,142.0
900490.0,155.0
900634.0,144.0
900755.0,121.0
900944.0,189.0
901144.0,200.0
901344.0,200.0
901544.0,200.0
901744.0,200.0
901944.0,200.0
902144.0,200.0
902344.0,200.0
902544.0,200.0
902744.0,200.0
902944.0,200.0
903144.0,200.0
903344.0,200.0
903544.0,200.0
903744.0,200.0
903944.0,200.0
904144.0,200.0
904344.0,200.0
904544.0,200.0
904744.0,200.0
904944.0,200.0
905144.0,200.0
905344.0,200.0
905544.0,200.0
905744.0,200.0
905944.0,200.0
906144.0,200.0
906344.0,200.0
906544.0,200.0
906744.0,200.0
906944.0,200.0
907144.0,200.0
907344.0,200.0
907544.0,200.0
907744.0,200.0
907944.0,200.0
908144.0,200.0
908344.0,200.0
908544.0,200.0
908744.0,200.0
908944.0,200.0
909144.0,200.0
909344.0,200.0
909544.0,200.0
909744.0,200.0
909944.0,200.0
910144.0,200.0
910312.0,168.0
910324.0,12.0
910458.0,134.0
910608.0,150.0
910772.0,164.0
910917.0,145.0
911117.0,200.0
911317.0,200.0
911517.0,200.0
911717.0,200.0
911877.0,160.0
912016.0,139.0
912192.0,176.0
912328.0,136.0
912464.0,136.0
912611.0,147.0
912762.0,151.0
912923.0,161.0
913123.0,200.0
913323.0,200.0
913487.0,164.0
913687.0,200.0
913887.0,200.0
914051.0,164.0
914228.0,177.0
914428.0,200.0
914628.0,200.0
914828.0,200.0
915028.0,200.0
915228.0,200.0
915428.0,200.0
915628.0,200.0
915828.0,200.0
916028.0,200.0
916228.0,200.0
916428.0,200.0
916628.0,200.0
916828.0,200.0
917028.0,200.0
917228.0,200.0
917428.0,200.0
917628.0,200.0
917828.0,200.0
918028.0,200.0
918228.0,200.0
918428.0,200.0
918628.0,200.0
918828.0,200.0
919028.0,200.0
919228.0,200.0
919428.0,200.0
919628.0,200.0
919828.0,200.0
920028.0,200.0
920228.0,200.0
920428.0,200.0
920628.0,200.0
920828.0,200.0
921028.0,200.0
921228.0,200.0
921428.0,200.0
921628.0,200.0
921828.0,200.0
922028.0,200.0
922228.0,200.0
922428.0,200.0
922628.0,200.0
922828.0,200.0
922972.0,144.0
922983.0,11.0
922998.0,15.0
923017.0,19.0
923157.0,140.0
923357.0,200.0
923557.0,200.0
923757.0,200.0
923957.0,200.0
924157.0,200.0
924357.0,200.0
924557.0,200.0
924757.0,200.0
924957.0,200.0
925157.0,200.0
925357.0,200.0
925557.0,200.0
925757.0,200.0
925957.0,200.0
926157.0,200.0
926357.0,200.0
926557.0,200.0
926757.0,200.0
926957.0,200.0
927157.0,200.0
927357.0,200.0
927557.0,200.0
927757.0,200.0
927957.0,200.0
928157.0,200.0
928357.0,200.0
928557.0,200.0
928757.0,200.0
928957.0,200.0
929157.0,200.0
929357.0,200.0
929557.0,200.0
929757.0,200.0
929957.0,200.0
930157.0,200.0
930357.0,200.0
930557.0,200.0
930757.0,200.0
930957.0,200.0
931157.0,200.0
931357.0,200.0
931557.0,200.0
931757.0,200.0
931957.0,200.0
932157.0,200.0
932357.0,200.0
932557.0,200.0
932757.0,200.0
932957.0,200.0
933157.0,200.0
933357.0,200.0
933557.0,200.0
933757.0,200.0
933957.0,200.0
934157.0,200.0
934357.0,200.0
934557.0,200.0
934757.0,200.0
934957.0,200.0
935157.0,200.0
935357.0,200.0
935557.0,200.0
935757.0,200.0
935957.0,200.0
936157.0,200.0
936357.0,200.0
936557.0,200.0
936757.0,200.0
936957.0,200.0
937157.0,200.0
937357.0,200.0
937557.0,200.0
937757.0,200.0
937957.0,200.0
938157.0,200.0
938301.0,144.0
938442.0,141.0
938454.0,12.0
938463.0,9.0
938473.0,10.0
938484.0,11.0
938503.0,19.0
938522.0,19.0
938635.0,113.0
938835.0,200.0
939035.0,200.0
939235.0,200.0
939435.0,200.0
939635.0,200.0
939835.0,200.0
940035.0,200.0
940235.0,200.0
940384.0,149.0
940511.0,127.0
940606.0,95.0
940713.0,107.0
940830.0,117.0
940964.0,134.0
941097.0,133.0
941246.0,149.0
941408.0,162.0
941585.0,177.0
941785.0,200.0
941985.0,200.0
942185.0,200.0
942385.0,200.0
942585.0,200.0
942785.0,200.0
942985.0,200.0
943185.0,200.0
943385.0,200.0
943585.0,200.0
943785.0,200.0
943985.0,200.0
944185.0,200.0
944385.0,200.0
944585.0,200.0
944785.0,200.0
944985.0,200.0
945185.0,200.0
945385.0,200.0
945585.0,200.0
945785.0,200.0
945985.0,200.0
946185.0,200.0
946385.0,200.0
946585.0,200.0
946785.0,200.0
946985.0,200.0
947185.0,200.0
947385.0,200.0
947585.0,200.0
947785.0,200.0
947985.0,200.0
948185.0,200.0
948385.0,200.0
948585.0,200.0
948785.0,200.0
948985.0,200.0
949185.0,200.0
949385.0,200.0
949585.0,200.0
949785.0,200.0
949985.0,200.0
950185.0,200.0
950385.0,200.0
950585.0,200.0
950785.0,200.0
950985.0,200.0
951185.0,200.0
951385.0,200.0
951585.0,200.0
951785.0,200.0
951985.0,200.0
952185.0,200.0
952385.0,200.0
952585.0,200.0
952785.0,200.0
952985.0,200.0
953103.0,118.0
953206.0,103.0
953217.0,11.0
953230.0,13.0
953248.0,18.0
953448.0,200.0
953648.0,200.0
953848.0,200.0
954043.0,195.0
954243.0,200.0
954443.0,200.0
954643.0,200.0
954843.0,200.0
955043.0,200.0
955243.0,200.0
955443.0,200.0
955643.0,200.0
955843.0,200.0
956043.0,200.0
956243.0,200.0
956443.0,200.0
956643.0,200.0
956843.0,200.0
957043.0,200.0
957243.0,200.0
957443.0,200.0
957643.0,200.0
957843.0,200.0
958043.0,200.0
958243.0,200.0
958443.0,200.0
958643.0,200.0
958843.0,200.0
959043.0,200.0
959243.0,200.0
959443.0,200.0
959643.0,200.0
959843.0,200.0
960043.0,200.0
960243.0,200.0
960443.0,200.0
960643.0,200.0
960843.0,200.0
961043.0,200.0
961243.0,200.0
961443.0,200.0
961643.0,200.0
961843.0,200.0
962043.0,200.0
962243.0,200.0
962443.0,200.0
962643.0,200.0
962843.0,200.0
963043.0,200.0
963243.0,200.0
963443.0,200.0
963643.0,200.0
963843.0,200.0
964043.0,200.0
964243.0,200.0
964443.0,200.0
964643.0,200.0
964843.0,200.0
964903.0,60.0
965103.0,200.0
965303.0,200.0
965503.0,200.0
965703.0,200.0
965903.0,200.0
966103.0,200.0
966303.0,200.0
966503.0,200.0
966703.0,200.0
966903.0,200.0
967103.0,200.0
967303.0,200.0
967503.0,200.0
967703.0,200.0
967903.0,200.0
968103.0,200.0
968303.0,200.0
968503.0,200.0
968703.0,200.0
968903.0,200.0
969103.0,200.0
969303.0,200.0
969503.0,200.0
969703.0,200.0
969903.0,200.0
970103.0,200.0
970303.0,200.0
970503.0,200.0
970703.0,200.0
970903.0,200.0
971103.0,200.0
971303.0,200.0
971423.0,120.0
971623.0,200.0
971823.0,200.0
972023.0,200.0
972223.0,200.0
972423.0,200.0
972623.0,200.0
972823.0,200.0
973023.0,200.0
973223.0,200.0
973423.0,200.0
973623.0,200.0
973823.0,200.0
974023.0,200.0
974223.0,200.0
974423.0,200.0
974623.0,200.0
974823.0,200.0
975023.0,200.0
975223.0,200.0
975423.0,200.0
975623.0,200.0
975823.0,200.0
976023.0,200.0
976223.0,200.0
976423.0,200.0
976623.0,200.0
976823.0,200.0
977023.0,200.0
977223.0,200.0
977423.0,200.0
977623.0,200.0
977823.0,200.0
978023.0,200.0
978223.0,200.0
978423.0,200.0
978623.0,200.0
978823.0,200.0
979023.0,200.0
979210.0,187.0
979405.0,195.0
979605.0,200.0
979785.0,180.0
979941.0,156.0
980141.0,200.0
980341.0,200.0
980541.0,200.0
980741.0,200.0
980941.0,200.0
981141.0,200.0
981341.0,200.0
981541.0,200.0
981741.0,200.0
981941.0,200.0
982141.0,200.0
982341.0,200.0
982541.0,200.0
982741.0,200.0
982941.0,200.0
983141.0,200.0
983341.0,200.0
983541.0,200.0
983741.0,200.0
983941.0,200.0
984141.0,200.0
984341.0,200.0
984541.0,200.0
984731.0,190.0
984931.0,200.0
985131.0,200.0
985331.0,200.0
985531.0,200.0
985731.0,200.0
985931.0,200.0
986131.0,200.0
986331.0,200.0
986531.0,200.0
986731.0,200.0
986931.0,200.0
987131.0,200.0
987331.0,200.0
987531.0,200.0
987731.0,200.0
987931.0,200.0
988131.0,200.0
988331.0,200.0
988531.0,200.0
988731.0,200.0
988931.0,200.0
989131.0,200.0
989331.0,200.0
989531.0,200.0
989731.0,200.0
989931.0,200.0
990131.0,200.0
990331.0,200.0
990531.0,200.0
990731.0,200.0
990931.0,200.0
991131.0,200.0
991331.0,200.0
991531.0,200.0
991573.0,42.0
991640.0,67.0
991840.0,200.0
992040.0,200.0
992240.0,200.0
992440.0,200.0
992640.0,200.0
992840.0,200.0
993040.0,200.0
993240.0,200.0
993440.0,200.0
993640.0,200.0
993840.0,200.0
994040.0,200.0
994240.0,200.0
994440.0,200.0
994640.0,200.0
994827.0,187.0
994990.0,163.0
995178.0,188.0
995361.0,183.0
995554.0,193.0
995754.0,200.0
995954.0,200.0
996154.0,200.0
996354.0,200.0
996554.0,200.0
996754.0,200.0
996954.0,200.0
997154.0,200.0
997354.0,200.0
997554.0,200.0
997754.0,200.0
997954.0,200.0
998154.0,200.0
998354.0,200.0
998554.0,200.0
998754.0,200.0
998954.0,200.0
999154.0,200.0
999354.0,200.0
999554.0,200.0
999754.0,200.0
999954.0,200.0
1000000.0,46.0
