Run,Episode,Total Steps,Episode Reward
1,1,14,14.0
1,2,25,11.0
1,3,42,17.0
1,4,54,12.0
1,5,82,28.0
1,6,150,68.0
1,7,163,13.0
1,8,183,20.0
1,9,201,18.0
1,10,233,32.0
1,11,253,20.0
1,12,270,17.0
1,13,293,23.0
1,14,310,17.0
1,15,334,24.0
1,16,388,54.0
1,17,418,30.0
1,18,443,25.0
1,19,465,22.0
1,20,491,26.0
1,21,514,23.0
1,22,530,16.0
1,23,544,14.0
1,24,617,73.0
1,25,645,28.0
1,26,660,15.0
1,27,676,16.0
1,28,750,74.0
1,29,772,22.0
1,30,782,10.0
1,31,796,14.0
1,32,814,18.0
1,33,831,17.0
1,34,863,32.0
1,35,879,16.0
1,36,895,16.0
1,37,916,21.0
1,38,926,10.0
1,39,939,13.0
1,40,961,22.0
1,41,978,17.0
1,42,988,10.0
1,43,1023,35.0
1,44,1046,23.0
1,45,1064,18.0
1,46,1081,17.0
1,47,1123,42.0
1,48,1140,17.0
1,49,1158,18.0
1,50,1171,13.0
1,51,1181,10.0
1,52,1198,17.0
1,53,1209,11.0
1,54,1253,44.0
1,55,1271,18.0
1,56,1286,15.0
1,57,1329,43.0
1,58,1361,32.0
1,59,1378,17.0
1,60,1390,12.0
1,61,1406,16.0
1,62,1431,25.0
1,63,1448,17.0
1,64,1468,20.0
1,65,1483,15.0
1,66,1495,12.0
1,67,1512,17.0
1,68,1525,13.0
1,69,1536,11.0
1,70,1552,16.0
1,71,1568,16.0
1,72,1583,15.0
1,73,1600,17.0
1,74,1615,15.0
1,75,1637,22.0
1,76,1657,20.0
1,77,1673,16.0
1,78,1687,14.0
1,79,1701,14.0
1,80,1713,12.0
1,81,1725,12.0
1,82,1742,17.0
1,83,1756,14.0
1,84,1782,26.0
1,85,1815,33.0
1,86,1828,13.0
1,87,1854,26.0
1,88,1877,23.0
1,89,1890,13.0
1,90,1923,33.0
1,91,1970,47.0
1,92,2011,41.0
1,93,2023,12.0
1,94,2036,13.0
1,95,2058,22.0
1,96,2075,17.0
1,97,2099,24.0
1,98,2121,22.0
1,99,2134,13.0
1,100,2219,85.0
1,101,2237,18.0
1,102,2263,26.0
1,103,2274,11.0
1,104,2290,16.0
1,105,2302,12.0
1,106,2334,32.0
1,107,2357,23.0
1,108,2368,11.0
1,109,2387,19.0
1,110,2403,16.0
1,111,2459,56.0
1,112,2477,18.0
1,113,2506,29.0
1,114,2515,9.0
1,115,2528,13.0
1,116,2542,14.0
1,117,2562,20.0
1,118,2612,50.0
1,119,2654,42.0
1,120,2683,29.0
1,121,2696,13.0
1,122,2708,12.0
1,123,2736,28.0
1,124,2754,18.0
1,125,2774,20.0
1,126,2790,16.0
1,127,2832,42.0
1,128,2850,18.0
1,129,2915,65.0
1,130,2957,42.0
1,131,2976,19.0
1,132,2994,18.0
1,133,3007,13.0
1,134,3048,41.0
1,135,3071,23.0
1,136,3104,33.0
1,137,3118,14.0
1,138,3139,21.0
1,139,3155,16.0
1,140,3178,23.0
1,141,3226,48.0
1,142,3245,19.0
1,143,3290,45.0
1,144,3307,17.0
1,145,3338,31.0
1,146,3360,22.0
1,147,3376,16.0
1,148,3385,9.0
1,149,3402,17.0
1,150,3419,17.0
1,151,3435,16.0
1,152,3465,30.0
1,153,3495,30.0
1,154,3521,26.0
1,155,3538,17.0
1,156,3559,21.0
1,157,3575,16.0
1,158,3636,61.0
1,159,3680,44.0
1,160,3729,49.0
1,161,3824,95.0
1,162,3845,21.0
1,163,3860,15.0
1,164,3888,28.0
1,165,3920,32.0
1,166,3951,31.0
1,167,3970,19.0
1,168,4040,70.0
1,169,4074,34.0
1,170,4087,13.0
1,171,4099,12.0
1,172,4151,52.0
1,173,4198,47.0
1,174,4214,16.0
1,175,4251,37.0
1,176,4281,30.0
1,177,4358,77.0
1,178,4391,33.0
1,179,4405,14.0
1,180,4477,72.0
1,181,4508,31.0
1,182,4526,18.0
1,183,4589,63.0
1,184,4613,24.0
1,185,4647,34.0
1,186,4671,24.0
1,187,4714,43.0
1,188,4736,22.0
1,189,4752,16.0
1,190,4771,19.0
1,191,4806,35.0
1,192,4828,22.0
1,193,4841,13.0
1,194,4857,16.0
1,195,4885,28.0
1,196,4919,34.0
1,197,4978,59.0
1,198,5001,23.0
1,199,5014,13.0
1,200,5063,49.0
1,201,5092,29.0
1,202,5125,33.0
1,203,5176,51.0
1,204,5197,21.0
1,205,5249,52.0
1,206,5278,29.0
1,207,5318,40.0
1,208,5401,83.0
1,209,5417,16.0
1,210,5504,87.0
1,211,5555,51.0
1,212,5578,23.0
1,213,5595,17.0
1,214,5616,21.0
1,215,5632,16.0
1,216,5704,72.0
1,217,5781,77.0
1,218,5802,21.0
1,219,5829,27.0
1,220,5845,16.0
1,221,5893,48.0
1,222,5928,35.0
1,223,5947,19.0
1,224,5978,31.0
1,225,6027,49.0
1,226,6092,65.0
1,227,6107,15.0
1,228,6124,17.0
1,229,6145,21.0
1,230,6178,33.0
1,231,6216,38.0
1,232,6239,23.0
1,233,6267,28.0
1,234,6317,50.0
1,235,6378,61.0
1,236,6412,34.0
1,237,6467,55.0
1,238,6565,98.0
1,239,6630,65.0
1,240,6664,34.0
1,241,6805,141.0
1,242,6897,92.0
1,243,6930,33.0
1,244,6973,43.0
1,245,6984,11.0
1,246,7024,40.0
1,247,7088,64.0
1,248,7130,42.0
1,249,7154,24.0
1,250,7252,98.0
1,251,7283,31.0
1,252,7335,52.0
1,253,7359,24.0
1,254,7407,48.0
1,255,7441,34.0
1,256,7462,21.0
1,257,7500,38.0
1,258,7539,39.0
1,259,7582,43.0
1,260,7641,59.0
1,261,7676,35.0
1,262,7694,18.0
1,263,7727,33.0
1,264,7762,35.0
1,265,7791,29.0
1,266,7850,59.0
1,267,7891,41.0
1,268,7955,64.0
1,269,8005,50.0
1,270,8027,22.0
1,271,8105,78.0
1,272,8190,85.0
1,273,8279,89.0
1,274,8411,132.0
1,275,8458,47.0
1,276,8525,67.0
1,277,8631,106.0
1,278,8737,106.0
1,279,8759,22.0
1,280,8914,155.0
1,281,9028,114.0
1,282,9074,46.0
1,283,9136,62.0
1,284,9189,53.0
1,285,9258,69.0
1,286,9348,90.0
1,287,9399,51.0
1,288,9431,32.0
1,289,9532,101.0
1,290,9765,233.0
1,291,9908,143.0
1,292,9944,36.0
1,293,9996,52.0
1,294,10100,104.0
1,295,10146,46.0
1,296,10276,130.0
1,297,10408,132.0
1,298,10504,96.0
1,299,10678,174.0
1,300,10828,150.0
1,301,10943,115.0
1,302,11067,124.0
1,303,11103,36.0
1,304,11257,154.0
1,305,11353,96.0
1,306,11471,118.0
1,307,11526,55.0
1,308,11675,149.0
1,309,11730,55.0
1,310,11917,187.0
1,311,12018,101.0
1,312,12180,162.0
1,313,12348,168.0
1,314,12455,107.0
1,315,12606,151.0
1,316,12754,148.0
1,317,12887,133.0
1,318,13048,161.0
1,319,13165,117.0
1,320,13359,194.0
1,321,13503,144.0
1,322,13627,124.0
1,323,13825,198.0
1,324,14030,205.0
1,325,14172,142.0
1,326,14433,261.0
1,327,14607,174.0
1,328,14803,196.0
1,329,15070,267.0
1,330,15363,293.0
1,331,15608,245.0
1,332,15711,103.0
1,333,15943,232.0
1,334,16078,135.0
1,335,16220,142.0
1,336,16491,271.0
1,337,16605,114.0
1,338,16915,310.0
1,339,17045,130.0
1,340,17278,233.0
1,341,17541,263.0
1,342,17705,164.0
1,343,17974,269.0
1,344,18184,210.0
1,345,18455,271.0
1,346,18602,147.0
1,347,18770,168.0
1,348,18943,173.0
1,349,19237,294.0
1,350,19455,218.0
1,351,19609,154.0
1,352,19824,215.0
1,353,20034,210.0
1,354,20264,230.0
1,355,20614,350.0
1,356,20779,165.0
1,357,20988,209.0
1,358,21186,198.0
1,359,21456,270.0
1,360,21570,114.0
1,361,21927,357.0
1,362,22190,263.0
1,363,22341,151.0
1,364,22518,177.0
1,365,22675,157.0
1,366,22807,132.0
1,367,22955,148.0
1,368,23195,240.0
1,369,23510,315.0
1,370,23685,175.0
1,371,23909,224.0
1,372,24287,378.0
1,373,24435,148.0
1,374,24609,174.0
1,375,24780,171.0
1,376,25035,255.0
1,377,25222,187.0
1,378,25487,265.0
1,379,25811,324.0
1,380,26191,380.0
1,381,26478,287.0
1,382,26737,259.0
1,383,27065,328.0
1,384,27403,338.0
1,385,27777,374.0
1,386,28015,238.0
1,387,28328,313.0
1,388,28755,427.0
1,389,29123,368.0
1,390,29394,271.0
1,391,29651,257.0
1,392,29829,178.0
1,393,29986,157.0
1,394,30255,269.0
1,395,30499,244.0
1,396,30716,217.0
1,397,31216,500.0
1,398,31470,254.0
1,399,31819,349.0
1,400,32106,287.0
1,401,32320,214.0
1,402,32594,274.0
1,403,33094,500.0
1,404,33594,500.0
1,405,34070,476.0
1,406,34407,337.0
1,407,34907,500.0
1,408,35269,362.0
1,409,35769,500.0
1,410,36269,500.0
1,411,36759,490.0
1,412,37259,500.0
1,413,37759,500.0
1,414,38101,342.0
1,415,38576,475.0
1,416,39076,500.0
1,417,39576,500.0
1,418,40076,500.0
1,419,40576,500.0
1,420,41076,500.0
1,421,41576,500.0
1,422,41930,354.0
1,423,42430,500.0
1,424,42819,389.0
1,425,43319,500.0
1,426,43819,500.0
1,427,44319,500.0
1,428,44819,500.0
1,429,45016,197.0
1,430,45407,391.0
1,431,45907,500.0
1,432,46407,500.0
1,433,46812,405.0
1,434,47312,500.0
1,435,47782,470.0
1,436,48192,410.0
1,437,48692,500.0
1,438,49192,500.0
1,439,49692,500.0
1,440,50192,500.0
1,441,50692,500.0
1,442,51192,500.0
1,443,51692,500.0
1,444,52192,500.0
1,445,52692,500.0
1,446,53192,500.0
1,447,53692,500.0
1,448,54192,500.0
1,449,54692,500.0
1,450,55192,500.0
1,451,55692,500.0
1,452,56192,500.0
1,453,56692,500.0
1,454,57192,500.0
1,455,57692,500.0
1,456,58192,500.0
1,457,58692,500.0
1,458,59192,500.0
1,459,59267,75.0
1,460,59767,500.0
1,461,60267,500.0
1,462,60767,500.0
1,463,61267,500.0
1,464,61767,500.0
1,465,62267,500.0
1,466,62767,500.0
1,467,63267,500.0
1,468,63767,500.0
1,469,64267,500.0
1,470,64767,500.0
1,471,65267,500.0
1,472,65767,500.0
1,473,66267,500.0
1,474,66767,500.0
1,475,67267,500.0
1,476,67767,500.0
1,477,68267,500.0
1,478,68767,500.0
1,479,69267,500.0
1,480,69767,500.0
1,481,70267,500.0
1,482,70767,500.0
1,483,71267,500.0
1,484,71767,500.0
1,485,72267,500.0
1,486,72767,500.0
1,487,73154,387.0
1,488,73654,500.0
1,489,74154,500.0
1,490,74654,500.0
1,491,75154,500.0
1,492,75654,500.0
1,493,76154,500.0
1,494,76654,500.0
1,495,77135,481.0
1,496,77635,500.0
1,497,78135,500.0
1,498,78635,500.0
1,499,79135,500.0
1,500,79635,500.0
1,501,80135,500.0
1,502,80635,500.0
1,503,81135,500.0
1,504,81635,500.0
1,505,82135,500.0
1,506,82635,500.0
1,507,83135,500.0
1,508,83635,500.0
1,509,84135,500.0
1,510,84635,500.0
1,511,85135,500.0
1,512,85635,500.0
1,513,86135,500.0
1,514,86635,500.0
1,515,87135,500.0
1,516,87635,500.0
1,517,88135,500.0
1,518,88635,500.0
1,519,89135,500.0
1,520,89635,500.0
1,521,90135,500.0
1,522,90635,500.0
1,523,91135,500.0
1,524,91635,500.0
1,525,92135,500.0
1,526,92635,500.0
1,527,93135,500.0
1,528,93635,500.0
1,529,94135,500.0
1,530,94196,61.0
1,531,94696,500.0
1,532,95196,500.0
1,533,95696,500.0
1,534,96196,500.0
1,535,96696,500.0
1,536,97196,500.0
1,537,97696,500.0
1,538,98196,500.0
1,539,98696,500.0
1,540,99196,500.0
1,541,99696,500.0
1,542,100196,500.0
1,543,100696,500.0
1,544,101196,500.0
1,545,101696,500.0
1,546,102196,500.0
1,547,102696,500.0
1,548,103196,500.0
1,549,103696,500.0
1,550,104196,500.0
1,551,104696,500.0
1,552,105196,500.0
1,553,105696,500.0
1,554,106196,500.0
1,555,106696,500.0
1,556,107196,500.0
1,557,107696,500.0
1,558,108196,500.0
1,559,108696,500.0
1,560,109196,500.0
1,561,109696,500.0
1,562,110196,500.0
1,563,110696,500.0
1,564,111196,500.0
1,565,111696,500.0
1,566,112196,500.0
1,567,112696,500.0
1,568,113196,500.0
1,569,113696,500.0
1,570,114196,500.0
1,571,114696,500.0
1,572,115196,500.0
1,573,115696,500.0
1,574,116196,500.0
1,575,116696,500.0
1,576,117196,500.0
1,577,117696,500.0
1,578,118196,500.0
1,579,118696,500.0
1,580,119196,500.0
1,581,119696,500.0
1,582,120196,500.0
1,583,120696,500.0
1,584,121196,500.0
1,585,121696,500.0
1,586,122196,500.0
1,587,122696,500.0
1,588,123196,500.0
1,589,123696,500.0
1,590,124196,500.0
1,591,124696,500.0
1,592,125196,500.0
1,593,125696,500.0
1,594,126196,500.0
1,595,126696,500.0
1,596,127196,500.0
1,597,127696,500.0
1,598,128196,500.0
1,599,128696,500.0
1,600,129196,500.0
1,601,129696,500.0
1,602,130196,500.0
1,603,130696,500.0
1,604,131196,500.0
1,605,131696,500.0
1,606,132196,500.0
1,607,132696,500.0
1,608,133196,500.0
1,609,133696,500.0
1,610,134196,500.0
1,611,134696,500.0
1,612,135196,500.0
1,613,135696,500.0
1,614,136196,500.0
1,615,136696,500.0
1,616,137196,500.0
1,617,137581,385.0
1,618,138081,500.0
1,619,138581,500.0
1,620,139042,461.0
1,621,139542,500.0
1,622,139730,188.0
1,623,140230,500.0
1,624,140730,500.0
1,625,141230,500.0
1,626,141730,500.0
1,627,142230,500.0
1,628,142730,500.0
1,629,143230,500.0
1,630,143730,500.0
1,631,144230,500.0
1,632,144730,500.0
1,633,145230,500.0
1,634,145730,500.0
1,635,146230,500.0
1,636,146730,500.0
1,637,147230,500.0
1,638,147730,500.0
1,639,148230,500.0
1,640,148730,500.0
1,641,149230,500.0
1,642,149730,500.0
1,643,150230,500.0
1,644,150730,500.0
1,645,151230,500.0
1,646,151730,500.0
1,647,152230,500.0
1,648,152730,500.0
1,649,153230,500.0
1,650,153730,500.0
1,651,154230,500.0
1,652,154730,500.0
1,653,155230,500.0
1,654,155730,500.0
1,655,156230,500.0
1,656,156730,500.0
1,657,157230,500.0
1,658,157730,500.0
1,659,158230,500.0
1,660,158730,500.0
1,661,159230,500.0
1,662,159730,500.0
1,663,160230,500.0
1,664,160730,500.0
1,665,161230,500.0
1,666,161730,500.0
1,667,162230,500.0
1,668,162730,500.0
1,669,163230,500.0
1,670,163730,500.0
1,671,164230,500.0
1,672,164730,500.0
1,673,165230,500.0
1,674,165730,500.0
1,675,166230,500.0
1,676,166730,500.0
1,677,167230,500.0
1,678,167730,500.0
1,679,168230,500.0
1,680,168730,500.0
1,681,169230,500.0
1,682,169730,500.0
1,683,170230,500.0
1,684,170730,500.0
1,685,171230,500.0
1,686,171730,500.0
1,687,172230,500.0
1,688,172730,500.0
1,689,173230,500.0
1,690,173730,500.0
1,691,174230,500.0
1,692,174730,500.0
1,693,175230,500.0
1,694,175730,500.0
1,695,176230,500.0
1,696,176730,500.0
1,697,177230,500.0
1,698,177730,500.0
1,699,178230,500.0
1,700,178730,500.0
1,701,179230,500.0
1,702,179730,500.0
1,703,180230,500.0
1,704,180730,500.0
1,705,181230,500.0
1,706,181730,500.0
1,707,182230,500.0
1,708,182730,500.0
1,709,183230,500.0
1,710,183730,500.0
1,711,184230,500.0
1,712,184730,500.0
1,713,185230,500.0
1,714,185730,500.0
1,715,186230,500.0
1,716,186730,500.0
1,717,187230,500.0
1,718,187730,500.0
1,719,188230,500.0
1,720,188730,500.0
1,721,189230,500.0
1,722,189730,500.0
1,723,190230,500.0
1,724,190730,500.0
1,725,191230,500.0
1,726,191730,500.0
1,727,192230,500.0
1,728,192730,500.0
1,729,193230,500.0
1,730,193730,500.0
1,731,194230,500.0
1,732,194730,500.0
1,733,195230,500.0
1,734,195730,500.0
1,735,196230,500.0
1,736,196730,500.0
1,737,197230,500.0
1,738,197730,500.0
1,739,198230,500.0
1,740,198730,500.0
1,741,199230,500.0
1,742,199730,500.0
1,743,200230,500.0
1,744,200730,500.0
1,745,201230,500.0
1,746,201730,500.0
1,747,202230,500.0
1,748,202730,500.0
1,749,203230,500.0
1,750,203730,500.0
1,751,204230,500.0
1,752,204730,500.0
1,753,205230,500.0
1,754,205730,500.0
1,755,206230,500.0
1,756,206730,500.0
1,757,207230,500.0
1,758,207730,500.0
1,759,208023,293.0
1,760,208337,314.0
1,761,208837,500.0
1,762,209337,500.0
1,763,209837,500.0
1,764,210337,500.0
1,765,210837,500.0
1,766,211337,500.0
1,767,211837,500.0
1,768,212337,500.0
1,769,212837,500.0
1,770,213337,500.0
1,771,213837,500.0
1,772,214337,500.0
1,773,214837,500.0
1,774,215337,500.0
1,775,215837,500.0
1,776,216337,500.0
1,777,216837,500.0
1,778,217337,500.0
1,779,217837,500.0
1,780,218337,500.0
1,781,218837,500.0
1,782,219337,500.0
1,783,219837,500.0
1,784,220337,500.0
1,785,220837,500.0
1,786,221337,500.0
1,787,221837,500.0
1,788,222337,500.0
1,789,222837,500.0
1,790,223337,500.0
1,791,223837,500.0
1,792,224337,500.0
1,793,224837,500.0
1,794,225337,500.0
1,795,225837,500.0
1,796,226337,500.0
1,797,226837,500.0
1,798,227337,500.0
1,799,227837,500.0
1,800,228337,500.0
1,801,228837,500.0
1,802,229337,500.0
1,803,229837,500.0
1,804,230337,500.0
1,805,230837,500.0
1,806,231337,500.0
1,807,231837,500.0
1,808,232337,500.0
1,809,232837,500.0
1,810,233337,500.0
1,811,233837,500.0
1,812,234337,500.0
1,813,234837,500.0
1,814,235337,500.0
1,815,235837,500.0
1,816,236337,500.0
1,817,236837,500.0
1,818,237337,500.0
1,819,237837,500.0
1,820,238337,500.0
1,821,238837,500.0
1,822,239337,500.0
1,823,239837,500.0
1,824,240337,500.0
1,825,240837,500.0
1,826,241337,500.0
1,827,241837,500.0
1,828,242337,500.0
1,829,242837,500.0
1,830,243337,500.0
1,831,243837,500.0
1,832,244337,500.0
1,833,244837,500.0
1,834,245337,500.0
1,835,245837,500.0
1,836,246337,500.0
1,837,246837,500.0
1,838,247337,500.0
1,839,247837,500.0
1,840,248337,500.0
1,841,248837,500.0
1,842,249337,500.0
1,843,249837,500.0
1,844,250337,500.0
1,845,250837,500.0
1,846,251337,500.0
1,847,251837,500.0
1,848,252337,500.0
1,849,252837,500.0
1,850,253337,500.0
1,851,253837,500.0
1,852,254337,500.0
1,853,254837,500.0
1,854,255337,500.0
1,855,255837,500.0
1,856,256337,500.0
1,857,256837,500.0
1,858,257337,500.0
1,859,257837,500.0
1,860,258337,500.0
1,861,258837,500.0
1,862,259337,500.0
1,863,259733,396.0
1,864,260233,500.0
1,865,260733,500.0
1,866,261233,500.0
1,867,261733,500.0
1,868,262233,500.0
1,869,262733,500.0
1,870,263233,500.0
1,871,263733,500.0
1,872,264233,500.0
1,873,264733,500.0
1,874,265233,500.0
1,875,265733,500.0
1,876,266233,500.0
1,877,266733,500.0
1,878,267233,500.0
1,879,267733,500.0
1,880,268233,500.0
1,881,268733,500.0
1,882,269233,500.0
1,883,269733,500.0
1,884,270233,500.0
1,885,270430,197.0
1,886,270930,500.0
1,887,271430,500.0
1,888,271930,500.0
1,889,272430,500.0
1,890,272930,500.0
1,891,273430,500.0
1,892,273930,500.0
1,893,274430,500.0
1,894,274930,500.0
1,895,275430,500.0
1,896,275930,500.0
1,897,276430,500.0
1,898,276930,500.0
1,899,277430,500.0
1,900,277930,500.0
1,901,278430,500.0
1,902,278930,500.0
1,903,279360,430.0
1,904,279468,108.0
1,905,279968,500.0
1,906,280468,500.0
1,907,280968,500.0
1,908,281468,500.0
1,909,281968,500.0
1,910,282468,500.0
1,911,282968,500.0
1,912,283468,500.0
1,913,283968,500.0
1,914,284468,500.0
1,915,284968,500.0
1,916,285468,500.0
1,917,285968,500.0
1,918,286468,500.0
1,919,286968,500.0
1,920,287468,500.0
1,921,287968,500.0
1,922,288468,500.0
1,923,288968,500.0
1,924,289468,500.0
1,925,289968,500.0
1,926,290468,500.0
1,927,290968,500.0
1,928,291468,500.0
1,929,291968,500.0
1,930,292468,500.0
1,931,292968,500.0
1,932,293468,500.0
1,933,293968,500.0
1,934,294468,500.0
1,935,294968,500.0
1,936,295468,500.0
1,937,295968,500.0
1,938,296468,500.0
1,939,296968,500.0
1,940,297468,500.0
1,941,297968,500.0
1,942,298468,500.0
1,943,298968,500.0
1,944,299384,416.0
1,945,299884,500.0
1,946,300384,500.0
1,947,300884,500.0
1,948,301384,500.0
1,949,301884,500.0
1,950,302384,500.0
1,951,302766,382.0
1,952,303266,500.0
1,953,303766,500.0
1,954,304266,500.0
1,955,304766,500.0
1,956,305266,500.0
1,957,305766,500.0
1,958,306266,500.0
1,959,306766,500.0
1,960,307266,500.0
1,961,307766,500.0
1,962,308266,500.0
1,963,308766,500.0
1,964,309266,500.0
1,965,309766,500.0
1,966,310266,500.0
1,967,310766,500.0
1,968,311266,500.0
1,969,311766,500.0
1,970,312266,500.0
1,971,312766,500.0
1,972,313266,500.0
1,973,313766,500.0
1,974,314266,500.0
1,975,314766,500.0
1,976,315266,500.0
1,977,315766,500.0
1,978,316266,500.0
1,979,316766,500.0
1,980,317266,500.0
1,981,317766,500.0
1,982,318266,500.0
1,983,318766,500.0
1,984,319266,500.0
1,985,319766,500.0
1,986,320266,500.0
1,987,320766,500.0
1,988,321266,500.0
1,989,321766,500.0
1,990,322266,500.0
1,991,322766,500.0
1,992,323266,500.0
1,993,323766,500.0
1,994,324266,500.0
1,995,324766,500.0
1,996,325266,500.0
1,997,325766,500.0
1,998,326266,500.0
1,999,326766,500.0
1,1000,327266,500.0
1,1001,327766,500.0
1,1002,328266,500.0
1,1003,328766,500.0
1,1004,329266,500.0
1,1005,329766,500.0
1,1006,330266,500.0
1,1007,330766,500.0
1,1008,331266,500.0
1,1009,331766,500.0
1,1010,332266,500.0
1,1011,332766,500.0
1,1012,333266,500.0
1,1013,333766,500.0
1,1014,334266,500.0
1,1015,334766,500.0
1,1016,335266,500.0
1,1017,335766,500.0
1,1018,336266,500.0
1,1019,336766,500.0
1,1020,337266,500.0
1,1021,337766,500.0
1,1022,338266,500.0
1,1023,338766,500.0
1,1024,339266,500.0
1,1025,339766,500.0
1,1026,340266,500.0
1,1027,340766,500.0
1,1028,341266,500.0
1,1029,341766,500.0
1,1030,342266,500.0
1,1031,342766,500.0
1,1032,343266,500.0
1,1033,343766,500.0
1,1034,344266,500.0
1,1035,344766,500.0
1,1036,345266,500.0
1,1037,345766,500.0
1,1038,346266,500.0
1,1039,346766,500.0
1,1040,347266,500.0
1,1041,347766,500.0
1,1042,348266,500.0
1,1043,348766,500.0
1,1044,349266,500.0
1,1045,349766,500.0
1,1046,350250,484.0
1,1047,350750,500.0
1,1048,351250,500.0
1,1049,351750,500.0
1,1050,351976,226.0
1,1051,352476,500.0
1,1052,352976,500.0
1,1053,353476,500.0
1,1054,353764,288.0
1,1055,354264,500.0
1,1056,354764,500.0
1,1057,355264,500.0
1,1058,355764,500.0
1,1059,356264,500.0
1,1060,356764,500.0
1,1061,357264,500.0
1,1062,357764,500.0
1,1063,358264,500.0
1,1064,358764,500.0
1,1065,359264,500.0
1,1066,359764,500.0
1,1067,360264,500.0
1,1068,360764,500.0
1,1069,360951,187.0
1,1070,361451,500.0
1,1071,361951,500.0
1,1072,362451,500.0
1,1073,362951,500.0
1,1074,363451,500.0
1,1075,363951,500.0
1,1076,364451,500.0
1,1077,364951,500.0
1,1078,365451,500.0
1,1079,365951,500.0
1,1080,366451,500.0
1,1081,366951,500.0
1,1082,367451,500.0
1,1083,367951,500.0
1,1084,368451,500.0
1,1085,368951,500.0
1,1086,369451,500.0
1,1087,369951,500.0
1,1088,370451,500.0
1,1089,370951,500.0
1,1090,371172,221.0
1,1091,371663,491.0
1,1092,371724,61.0
1,1093,372224,500.0
1,1094,372724,500.0
1,1095,373224,500.0
1,1096,373724,500.0
1,1097,374224,500.0
1,1098,374724,500.0
1,1099,375224,500.0
1,1100,375724,500.0
1,1101,376224,500.0
1,1102,376724,500.0
1,1103,377224,500.0
1,1104,377724,500.0
1,1105,378224,500.0
1,1106,378724,500.0
1,1107,379224,500.0
1,1108,379724,500.0
1,1109,380224,500.0
1,1110,380724,500.0
1,1111,381224,500.0
1,1112,381724,500.0
1,1113,382127,403.0
1,1114,382627,500.0
1,1115,382663,36.0
1,1116,382689,26.0
1,1117,383189,500.0
1,1118,383689,500.0
1,1119,384189,500.0
1,1120,384689,500.0
1,1121,384792,103.0
1,1122,385292,500.0
1,1123,385792,500.0
1,1124,386064,272.0
1,1125,386564,500.0
1,1126,387064,500.0
1,1127,387564,500.0
1,1128,388064,500.0
1,1129,388564,500.0
1,1130,389064,500.0
1,1131,389564,500.0
1,1132,390064,500.0
1,1133,390564,500.0
1,1134,391064,500.0
1,1135,391564,500.0
1,1136,392064,500.0
1,1137,392564,500.0
1,1138,393064,500.0
1,1139,393564,500.0
1,1140,394064,500.0
1,1141,394564,500.0
1,1142,395064,500.0
1,1143,395564,500.0
1,1144,396061,497.0
1,1145,396424,363.0
1,1146,396924,500.0
1,1147,397424,500.0
1,1148,397924,500.0
1,1149,398424,500.0
1,1150,398924,500.0
1,1151,399424,500.0
1,1152,399924,500.0
1,1153,400424,500.0
1,1154,400924,500.0
1,1155,401424,500.0
1,1156,401924,500.0
1,1157,402424,500.0
1,1158,402924,500.0
1,1159,403424,500.0
1,1160,403924,500.0
1,1161,404424,500.0
1,1162,404924,500.0
1,1163,405424,500.0
1,1164,405496,72.0
1,1165,405996,500.0
1,1166,406496,500.0
1,1167,406996,500.0
1,1168,407496,500.0
1,1169,407996,500.0
1,1170,408496,500.0
1,1171,408996,500.0
1,1172,409496,500.0
1,1173,409996,500.0
1,1174,410496,500.0
1,1175,410996,500.0
1,1176,411496,500.0
1,1177,411996,500.0
1,1178,412496,500.0
1,1179,412996,500.0
1,1180,413496,500.0
1,1181,413996,500.0
1,1182,414496,500.0
1,1183,414996,500.0
1,1184,415496,500.0
1,1185,415996,500.0
1,1186,416496,500.0
1,1187,416996,500.0
1,1188,417496,500.0
1,1189,417996,500.0
1,1190,418496,500.0
1,1191,418996,500.0
1,1192,419496,500.0
1,1193,419996,500.0
1,1194,420496,500.0
1,1195,420996,500.0
1,1196,421496,500.0
1,1197,421996,500.0
1,1198,422496,500.0
1,1199,422996,500.0
1,1200,423496,500.0
1,1201,423996,500.0
1,1202,424496,500.0
1,1203,424996,500.0
1,1204,425496,500.0
1,1205,425996,500.0
1,1206,426496,500.0
1,1207,426996,500.0
1,1208,427496,500.0
1,1209,427996,500.0
1,1210,428496,500.0
1,1211,428996,500.0
1,1212,429496,500.0
1,1213,429996,500.0
1,1214,430496,500.0
1,1215,430996,500.0
1,1216,431496,500.0
1,1217,431996,500.0
1,1218,432496,500.0
1,1219,432996,500.0
1,1220,433496,500.0
1,1221,433962,466.0
1,1222,434462,500.0
1,1223,434962,500.0
1,1224,435462,500.0
1,1225,435962,500.0
1,1226,436462,500.0
1,1227,436962,500.0
1,1228,437462,500.0
1,1229,437962,500.0
1,1230,438462,500.0
1,1231,438962,500.0
1,1232,439462,500.0
1,1233,439962,500.0
1,1234,440462,500.0
1,1235,440962,500.0
1,1236,441462,500.0
1,1237,441962,500.0
1,1238,442462,500.0
1,1239,442962,500.0
1,1240,443462,500.0
1,1241,443531,69.0
1,1242,444031,500.0
1,1243,444531,500.0
1,1244,445031,500.0
1,1245,445531,500.0
1,1246,446031,500.0
1,1247,446531,500.0
1,1248,447031,500.0
1,1249,447531,500.0
1,1250,448031,500.0
1,1251,448531,500.0
1,1252,449031,500.0
1,1253,449531,500.0
1,1254,450031,500.0
1,1255,450531,500.0
1,1256,451031,500.0
1,1257,451098,67.0
1,1258,451598,500.0
1,1259,452098,500.0
1,1260,452598,500.0
1,1261,453098,500.0
1,1262,453320,222.0
1,1263,453820,500.0
1,1264,454320,500.0
1,1265,454775,455.0
1,1266,455275,500.0
1,1267,455775,500.0
1,1268,456275,500.0
1,1269,456775,500.0
1,1270,456957,182.0
1,1271,457457,500.0
1,1272,457957,500.0
1,1273,458259,302.0
1,1274,458759,500.0
1,1275,459259,500.0
1,1276,459759,500.0
1,1277,460259,500.0
1,1278,460759,500.0
1,1279,461259,500.0
1,1280,461759,500.0
1,1281,462259,500.0
1,1282,462759,500.0
1,1283,463259,500.0
1,1284,463515,256.0
1,1285,464015,500.0
1,1286,464129,114.0
1,1287,464629,500.0
1,1288,465129,500.0
1,1289,465629,500.0
1,1290,466129,500.0
1,1291,466629,500.0
1,1292,467129,500.0
1,1293,467629,500.0
1,1294,468129,500.0
1,1295,468629,500.0
1,1296,469129,500.0
1,1297,469629,500.0
1,1298,470129,500.0
1,1299,470629,500.0
1,1300,471129,500.0
1,1301,471629,500.0
1,1302,472129,500.0
1,1303,472629,500.0
1,1304,473129,500.0
1,1305,473629,500.0
1,1306,474129,500.0
1,1307,474629,500.0
1,1308,475129,500.0
1,1309,475629,500.0
1,1310,476129,500.0
1,1311,476629,500.0
1,1312,477129,500.0
1,1313,477629,500.0
1,1314,478129,500.0
1,1315,478629,500.0
1,1316,479129,500.0
1,1317,479629,500.0
1,1318,480129,500.0
1,1319,480629,500.0
1,1320,481129,500.0
1,1321,481298,169.0
1,1322,481798,500.0
1,1323,482298,500.0
1,1324,482798,500.0
1,1325,483298,500.0
1,1326,483798,500.0
1,1327,483870,72.0
1,1328,484370,500.0
1,1329,484870,500.0
1,1330,485370,500.0
1,1331,485870,500.0
1,1332,485993,123.0
1,1333,486493,500.0
1,1334,486993,500.0
1,1335,487493,500.0
1,1336,487993,500.0
1,1337,488493,500.0
1,1338,488993,500.0
1,1339,489493,500.0
1,1340,489993,500.0
1,1341,490493,500.0
1,1342,490548,55.0
1,1343,491048,500.0
1,1344,491548,500.0
1,1345,492048,500.0
1,1346,492548,500.0
1,1347,493048,500.0
1,1348,493115,67.0
1,1349,493615,500.0
1,1350,494115,500.0
1,1351,494615,500.0
1,1352,495115,500.0
1,1353,495615,500.0
1,1354,496115,500.0
1,1355,496615,500.0
1,1356,497115,500.0
1,1357,497615,500.0
1,1358,498115,500.0
1,1359,498615,500.0
1,1360,499115,500.0
1,1361,499615,500.0
1,1362,500115,500.0
1,1363,500615,500.0
1,1364,501115,500.0
1,1365,501615,500.0
1,1366,502115,500.0
1,1367,502615,500.0
1,1368,503115,500.0
1,1369,503615,500.0
1,1370,504115,500.0
1,1371,504615,500.0
1,1372,505115,500.0
1,1373,505615,500.0
1,1374,506115,500.0
1,1375,506615,500.0
1,1376,507115,500.0
1,1377,507615,500.0
1,1378,508115,500.0
1,1379,508615,500.0
1,1380,509115,500.0
1,1381,509615,500.0
1,1382,510115,500.0
1,1383,510615,500.0
1,1384,511115,500.0
1,1385,511615,500.0
1,1386,512115,500.0
1,1387,512615,500.0
1,1388,513115,500.0
1,1389,513615,500.0
1,1390,514115,500.0
1,1391,514615,500.0
1,1392,515115,500.0
1,1393,515615,500.0
1,1394,516115,500.0
1,1395,516615,500.0
1,1396,517115,500.0
1,1397,517615,500.0
1,1398,518115,500.0
1,1399,518615,500.0
1,1400,519115,500.0
1,1401,519615,500.0
1,1402,520115,500.0
1,1403,520615,500.0
1,1404,521115,500.0
1,1405,521615,500.0
1,1406,522115,500.0
1,1407,522615,500.0
1,1408,523115,500.0
1,1409,523615,500.0
1,1410,524115,500.0
1,1411,524615,500.0
1,1412,525115,500.0
1,1413,525615,500.0
1,1414,526115,500.0
1,1415,526615,500.0
1,1416,527115,500.0
1,1417,527615,500.0
1,1418,528115,500.0
1,1419,528615,500.0
1,1420,529115,500.0
1,1421,529615,500.0
1,1422,530115,500.0
1,1423,530615,500.0
1,1424,531115,500.0
1,1425,531615,500.0
1,1426,532115,500.0
1,1427,532615,500.0
1,1428,533115,500.0
1,1429,533615,500.0
1,1430,534115,500.0
1,1431,534615,500.0
1,1432,535115,500.0
1,1433,535615,500.0
1,1434,536115,500.0
1,1435,536615,500.0
1,1436,537115,500.0
1,1437,537615,500.0
1,1438,538115,500.0
1,1439,538615,500.0
1,1440,539115,500.0
1,1441,539615,500.0
1,1442,540115,500.0
1,1443,540615,500.0
1,1444,541115,500.0
1,1445,541615,500.0
1,1446,542115,500.0
1,1447,542615,500.0
1,1448,543115,500.0
1,1449,543615,500.0
1,1450,544115,500.0
1,1451,544615,500.0
1,1452,545115,500.0
1,1453,545615,500.0
1,1454,546115,500.0
1,1455,546615,500.0
1,1456,547115,500.0
1,1457,547615,500.0
1,1458,548115,500.0
1,1459,548615,500.0
1,1460,549115,500.0
1,1461,549615,500.0
1,1462,550115,500.0
1,1463,550615,500.0
1,1464,551036,421.0
1,1465,551536,500.0
1,1466,552036,500.0
1,1467,552536,500.0
1,1468,553036,500.0
1,1469,553536,500.0
1,1470,554036,500.0
1,1471,554536,500.0
1,1472,555036,500.0
1,1473,555536,500.0
1,1474,556036,500.0
1,1475,556536,500.0
1,1476,557036,500.0
1,1477,557536,500.0
1,1478,558036,500.0
1,1479,558536,500.0
1,1480,559036,500.0
1,1481,559536,500.0
1,1482,560036,500.0
1,1483,560536,500.0
1,1484,561036,500.0
1,1485,561536,500.0
1,1486,562036,500.0
1,1487,562536,500.0
1,1488,563036,500.0
1,1489,563536,500.0
1,1490,564036,500.0
1,1491,564536,500.0
1,1492,565036,500.0
1,1493,565536,500.0
1,1494,566036,500.0
1,1495,566536,500.0
1,1496,567036,500.0
1,1497,567536,500.0
1,1498,568036,500.0
1,1499,568536,500.0
1,1500,569036,500.0
1,1501,569536,500.0
1,1502,569665,129.0
1,1503,570165,500.0
1,1504,570665,500.0
1,1505,571165,500.0
1,1506,571665,500.0
1,1507,572165,500.0
1,1508,572665,500.0
1,1509,573165,500.0
1,1510,573665,500.0
1,1511,574165,500.0
1,1512,574665,500.0
1,1513,575165,500.0
1,1514,575665,500.0
1,1515,576165,500.0
1,1516,576665,500.0
1,1517,576891,226.0
1,1518,577391,500.0
1,1519,577891,500.0
1,1520,578391,500.0
1,1521,578891,500.0
1,1522,579391,500.0
1,1523,579891,500.0
1,1524,580391,500.0
1,1525,580891,500.0
1,1526,581391,500.0
1,1527,581891,500.0
1,1528,582391,500.0
1,1529,582891,500.0
1,1530,583391,500.0
1,1531,583891,500.0
1,1532,584391,500.0
1,1533,584891,500.0
1,1534,585391,500.0
1,1535,585891,500.0
1,1536,586391,500.0
1,1537,586891,500.0
1,1538,587391,500.0
1,1539,587891,500.0
1,1540,588391,500.0
1,1541,588891,500.0
1,1542,589391,500.0
1,1543,589891,500.0
1,1544,590391,500.0
1,1545,590891,500.0
1,1546,591391,500.0
1,1547,591891,500.0
1,1548,592391,500.0
1,1549,592891,500.0
1,1550,593391,500.0
1,1551,593891,500.0
1,1552,594391,500.0
1,1553,594891,500.0
1,1554,595391,500.0
1,1555,595477,86.0
1,1556,595977,500.0
1,1557,596477,500.0
1,1558,596977,500.0
1,1559,597477,500.0
1,1560,597977,500.0
1,1561,598477,500.0
1,1562,598977,500.0
1,1563,599477,500.0
1,1564,599977,500.0
1,1565,600477,500.0
1,1566,600977,500.0
1,1567,601477,500.0
1,1568,601977,500.0
1,1569,602477,500.0
1,1570,602977,500.0
1,1571,603477,500.0
1,1572,603977,500.0
1,1573,604477,500.0
1,1574,604977,500.0
1,1575,605477,500.0
1,1576,605977,500.0
1,1577,606477,500.0
1,1578,606977,500.0
1,1579,607477,500.0
1,1580,607977,500.0
1,1581,608477,500.0
1,1582,608977,500.0
1,1583,609477,500.0
1,1584,609977,500.0
1,1585,610477,500.0
1,1586,610977,500.0
1,1587,611477,500.0
1,1588,611977,500.0
1,1589,612477,500.0
1,1590,612977,500.0
1,1591,613477,500.0
1,1592,613977,500.0
1,1593,614477,500.0
1,1594,614977,500.0
1,1595,615477,500.0
1,1596,615977,500.0
1,1597,616477,500.0
1,1598,616977,500.0
1,1599,617477,500.0
1,1600,617977,500.0
1,1601,618477,500.0
1,1602,618977,500.0
1,1603,619477,500.0
1,1604,619977,500.0
1,1605,620477,500.0
1,1606,620977,500.0
1,1607,621477,500.0
1,1608,621977,500.0
1,1609,622477,500.0
1,1610,622977,500.0
1,1611,623477,500.0
1,1612,623814,337.0
1,1613,624314,500.0
1,1614,624814,500.0
1,1615,625314,500.0
1,1616,625814,500.0
1,1617,626314,500.0
1,1618,626814,500.0
1,1619,627314,500.0
1,1620,627814,500.0
1,1621,628314,500.0
1,1622,628814,500.0
1,1623,629314,500.0
1,1624,629814,500.0
1,1625,630314,500.0
1,1626,630814,500.0
1,1627,631314,500.0
1,1628,631814,500.0
1,1629,632314,500.0
1,1630,632814,500.0
1,1631,633314,500.0
1,1632,633814,500.0
1,1633,634314,500.0
1,1634,634814,500.0
1,1635,635314,500.0
1,1636,635814,500.0
1,1637,636314,500.0
1,1638,636814,500.0
1,1639,637314,500.0
1,1640,637814,500.0
1,1641,638314,500.0
1,1642,638814,500.0
1,1643,639314,500.0
1,1644,639814,500.0
1,1645,640314,500.0
1,1646,640814,500.0
1,1647,641314,500.0
1,1648,641814,500.0
1,1649,642314,500.0
1,1650,642814,500.0
1,1651,643314,500.0
1,1652,643814,500.0
1,1653,644314,500.0
1,1654,644814,500.0
1,1655,645314,500.0
1,1656,645814,500.0
1,1657,646314,500.0
1,1658,646814,500.0
1,1659,647314,500.0
1,1660,647814,500.0
1,1661,648314,500.0
1,1662,648814,500.0
1,1663,649314,500.0
1,1664,649678,364.0
1,1665,650178,500.0
1,1666,650678,500.0
1,1667,651178,500.0
1,1668,651678,500.0
1,1669,652178,500.0
1,1670,652678,500.0
1,1671,653178,500.0
1,1672,653678,500.0
1,1673,654178,500.0
1,1674,654678,500.0
1,1675,655178,500.0
1,1676,655678,500.0
1,1677,655718,40.0
1,1678,655889,171.0
1,1679,655946,57.0
1,1680,656446,500.0
1,1681,656946,500.0
1,1682,657012,66.0
1,1683,657512,500.0
1,1684,658012,500.0
1,1685,658512,500.0
1,1686,659012,500.0
1,1687,659512,500.0
1,1688,660012,500.0
1,1689,660512,500.0
1,1690,661012,500.0
1,1691,661512,500.0
1,1692,662012,500.0
1,1693,662512,500.0
1,1694,663012,500.0
1,1695,663512,500.0
1,1696,664012,500.0
1,1697,664512,500.0
1,1698,665012,500.0
1,1699,665512,500.0
1,1700,666012,500.0
1,1701,666512,500.0
1,1702,667012,500.0
1,1703,667512,500.0
1,1704,668012,500.0
1,1705,668512,500.0
1,1706,668722,210.0
1,1707,669222,500.0
1,1708,669722,500.0
1,1709,670222,500.0
1,1710,670722,500.0
1,1711,671222,500.0
1,1712,671722,500.0
1,1713,672222,500.0
1,1714,672722,500.0
1,1715,673222,500.0
1,1716,673722,500.0
1,1717,674222,500.0
1,1718,674722,500.0
1,1719,675222,500.0
1,1720,675722,500.0
1,1721,676222,500.0
1,1722,676722,500.0
1,1723,677222,500.0
1,1724,677722,500.0
1,1725,678222,500.0
1,1726,678722,500.0
1,1727,679222,500.0
1,1728,679722,500.0
1,1729,680222,500.0
1,1730,680722,500.0
1,1731,681222,500.0
1,1732,681722,500.0
1,1733,682222,500.0
1,1734,682722,500.0
1,1735,683222,500.0
1,1736,683722,500.0
1,1737,684222,500.0
1,1738,684722,500.0
1,1739,685222,500.0
1,1740,685722,500.0
1,1741,686222,500.0
1,1742,686274,52.0
1,1743,686774,500.0
1,1744,687274,500.0
1,1745,687774,500.0
1,1746,688080,306.0
1,1747,688580,500.0
1,1748,689080,500.0
1,1749,689580,500.0
1,1750,690080,500.0
1,1751,690202,122.0
1,1752,690702,500.0
1,1753,691202,500.0
1,1754,691702,500.0
1,1755,692202,500.0
1,1756,692702,500.0
1,1757,693202,500.0
1,1758,693702,500.0
1,1759,693980,278.0
1,1760,694480,500.0
1,1761,694980,500.0
1,1762,695480,500.0
1,1763,695980,500.0
1,1764,696480,500.0
1,1765,696980,500.0
1,1766,697480,500.0
1,1767,697980,500.0
1,1768,698480,500.0
1,1769,698980,500.0
1,1770,699480,500.0
1,1771,699980,500.0
1,1772,700480,500.0
1,1773,700980,500.0
1,1774,701480,500.0
1,1775,701980,500.0
1,1776,702480,500.0
1,1777,702980,500.0
1,1778,703480,500.0
1,1779,703980,500.0
1,1780,704480,500.0
1,1781,704980,500.0
1,1782,705480,500.0
1,1783,705980,500.0
1,1784,706480,500.0
1,1785,706980,500.0
1,1786,707480,500.0
1,1787,707980,500.0
1,1788,708480,500.0
1,1789,708980,500.0
1,1790,709480,500.0
1,1791,709980,500.0
1,1792,710480,500.0
1,1793,710980,500.0
1,1794,711480,500.0
1,1795,711980,500.0
1,1796,712480,500.0
1,1797,712980,500.0
1,1798,713480,500.0
1,1799,713980,500.0
1,1800,714480,500.0
1,1801,714980,500.0
1,1802,715480,500.0
1,1803,715980,500.0
1,1804,716480,500.0
1,1805,716980,500.0
1,1806,717480,500.0
1,1807,717980,500.0
1,1808,718480,500.0
1,1809,718980,500.0
1,1810,719480,500.0
1,1811,719980,500.0
1,1812,720480,500.0
1,1813,720980,500.0
1,1814,721480,500.0
1,1815,721980,500.0
1,1816,722480,500.0
1,1817,722980,500.0
1,1818,723480,500.0
1,1819,723980,500.0
1,1820,724480,500.0
1,1821,724980,500.0
1,1822,725480,500.0
1,1823,725980,500.0
1,1824,726480,500.0
1,1825,726980,500.0
1,1826,727480,500.0
1,1827,727980,500.0
1,1828,728480,500.0
1,1829,728980,500.0
1,1830,729480,500.0
1,1831,729980,500.0
1,1832,730480,500.0
1,1833,730980,500.0
1,1834,731480,500.0
1,1835,731980,500.0
1,1836,732480,500.0
1,1837,732980,500.0
1,1838,733480,500.0
1,1839,733980,500.0
1,1840,734480,500.0
1,1841,734980,500.0
1,1842,735480,500.0
1,1843,735980,500.0
1,1844,736480,500.0
1,1845,736980,500.0
1,1846,737480,500.0
1,1847,737980,500.0
1,1848,738480,500.0
1,1849,738980,500.0
1,1850,739480,500.0
1,1851,739980,500.0
1,1852,740480,500.0
1,1853,740980,500.0
1,1854,741480,500.0
1,1855,741980,500.0
1,1856,742480,500.0
1,1857,742980,500.0
1,1858,743480,500.0
1,1859,743980,500.0
1,1860,744480,500.0
1,1861,744980,500.0
1,1862,745480,500.0
1,1863,745980,500.0
1,1864,746480,500.0
1,1865,746980,500.0
1,1866,747480,500.0
1,1867,747980,500.0
1,1868,748480,500.0
1,1869,748980,500.0
1,1870,749480,500.0
1,1871,749980,500.0
1,1872,750480,500.0
1,1873,750980,500.0
1,1874,751480,500.0
1,1875,751980,500.0
1,1876,752480,500.0
1,1877,752980,500.0
1,1878,753480,500.0
1,1879,753980,500.0
1,1880,754480,500.0
1,1881,754980,500.0
1,1882,755480,500.0
1,1883,755980,500.0
1,1884,756480,500.0
1,1885,756980,500.0
1,1886,757480,500.0
1,1887,757980,500.0
1,1888,758480,500.0
1,1889,758980,500.0
1,1890,759480,500.0
1,1891,759980,500.0
1,1892,760480,500.0
1,1893,760980,500.0
1,1894,761480,500.0
1,1895,761980,500.0
1,1896,762480,500.0
1,1897,762980,500.0
1,1898,763480,500.0
1,1899,763980,500.0
1,1900,764480,500.0
1,1901,764980,500.0
1,1902,765480,500.0
1,1903,765980,500.0
1,1904,766480,500.0
1,1905,766980,500.0
1,1906,767480,500.0
1,1907,767980,500.0
1,1908,768480,500.0
1,1909,768980,500.0
1,1910,769480,500.0
1,1911,769980,500.0
1,1912,770480,500.0
1,1913,770980,500.0
1,1914,771480,500.0
1,1915,771980,500.0
1,1916,772480,500.0
1,1917,772980,500.0
1,1918,773480,500.0
1,1919,773980,500.0
1,1920,774480,500.0
1,1921,774980,500.0
1,1922,775480,500.0
1,1923,775980,500.0
1,1924,776480,500.0
1,1925,776980,500.0
1,1926,777480,500.0
1,1927,777980,500.0
1,1928,778480,500.0
1,1929,778980,500.0
1,1930,779480,500.0
1,1931,779980,500.0
1,1932,780480,500.0
1,1933,780980,500.0
1,1934,781480,500.0
1,1935,781980,500.0
1,1936,782480,500.0
1,1937,782980,500.0
1,1938,783480,500.0
1,1939,783980,500.0
1,1940,784480,500.0
1,1941,784980,500.0
1,1942,785480,500.0
1,1943,785980,500.0
1,1944,786480,500.0
1,1945,786980,500.0
1,1946,787480,500.0
1,1947,787980,500.0
1,1948,788480,500.0
1,1949,788980,500.0
1,1950,789480,500.0
1,1951,789980,500.0
1,1952,790480,500.0
1,1953,790980,500.0
1,1954,791480,500.0
1,1955,791980,500.0
1,1956,792480,500.0
1,1957,792980,500.0
1,1958,793480,500.0
1,1959,793980,500.0
1,1960,794480,500.0
1,1961,794980,500.0
1,1962,795480,500.0
1,1963,795980,500.0
1,1964,796480,500.0
1,1965,796980,500.0
1,1966,797480,500.0
1,1967,797980,500.0
1,1968,798480,500.0
1,1969,798980,500.0
1,1970,799480,500.0
1,1971,799980,500.0
1,1972,800480,500.0
1,1973,800980,500.0
1,1974,801480,500.0
1,1975,801980,500.0
1,1976,802480,500.0
1,1977,802980,500.0
1,1978,803480,500.0
1,1979,803980,500.0
1,1980,804480,500.0
1,1981,804980,500.0
1,1982,805480,500.0
1,1983,805980,500.0
1,1984,806480,500.0
1,1985,806980,500.0
1,1986,807480,500.0
1,1987,807980,500.0
1,1988,808480,500.0
1,1989,808980,500.0
1,1990,809480,500.0
1,1991,809980,500.0
1,1992,810480,500.0
1,1993,810980,500.0
1,1994,811480,500.0
1,1995,811980,500.0
1,1996,812480,500.0
1,1997,812980,500.0
1,1998,813480,500.0
1,1999,813980,500.0
1,2000,814480,500.0
1,2001,814980,500.0
1,2002,815480,500.0
1,2003,815980,500.0
1,2004,816480,500.0
1,2005,816980,500.0
1,2006,817480,500.0
1,2007,817980,500.0
1,2008,818480,500.0
1,2009,818980,500.0
1,2010,819480,500.0
1,2011,819980,500.0
1,2012,820480,500.0
1,2013,820980,500.0
1,2014,821480,500.0
1,2015,821980,500.0
1,2016,822480,500.0
1,2017,822980,500.0
1,2018,823480,500.0
1,2019,823980,500.0
1,2020,824480,500.0
1,2021,824980,500.0
1,2022,825480,500.0
1,2023,825980,500.0
1,2024,826480,500.0
1,2025,826980,500.0
1,2026,827480,500.0
1,2027,827980,500.0
1,2028,828480,500.0
1,2029,828980,500.0
1,2030,829480,500.0
1,2031,829980,500.0
1,2032,830480,500.0
1,2033,830980,500.0
1,2034,831480,500.0
1,2035,831980,500.0
1,2036,832480,500.0
1,2037,832980,500.0
1,2038,833480,500.0
1,2039,833980,500.0
1,2040,834480,500.0
1,2041,834980,500.0
1,2042,835480,500.0
1,2043,835980,500.0
1,2044,836480,500.0
1,2045,836980,500.0
1,2046,837480,500.0
1,2047,837980,500.0
1,2048,838480,500.0
1,2049,838980,500.0
1,2050,839480,500.0
1,2051,839980,500.0
1,2052,840480,500.0
1,2053,840980,500.0
1,2054,841480,500.0
1,2055,841980,500.0
1,2056,842480,500.0
1,2057,842980,500.0
1,2058,843480,500.0
1,2059,843980,500.0
1,2060,844480,500.0
1,2061,844980,500.0
1,2062,845480,500.0
1,2063,845980,500.0
1,2064,846480,500.0
1,2065,846980,500.0
1,2066,847480,500.0
1,2067,847980,500.0
1,2068,848480,500.0
1,2069,848980,500.0
1,2070,849480,500.0
1,2071,849980,500.0
1,2072,850480,500.0
1,2073,850980,500.0
1,2074,851480,500.0
1,2075,851980,500.0
1,2076,852480,500.0
1,2077,852980,500.0
1,2078,853480,500.0
1,2079,853980,500.0
1,2080,854480,500.0
1,2081,854980,500.0
1,2082,855480,500.0
1,2083,855980,500.0
1,2084,856480,500.0
1,2085,856980,500.0
1,2086,857480,500.0
1,2087,857980,500.0
1,2088,858480,500.0
1,2089,858980,500.0
1,2090,859480,500.0
1,2091,859980,500.0
1,2092,860480,500.0
1,2093,860980,500.0
1,2094,861480,500.0
1,2095,861980,500.0
1,2096,862480,500.0
1,2097,862980,500.0
1,2098,863480,500.0
1,2099,863980,500.0
1,2100,864480,500.0
1,2101,864980,500.0
1,2102,865480,500.0
1,2103,865980,500.0
1,2104,866480,500.0
1,2105,866980,500.0
1,2106,867480,500.0
1,2107,867980,500.0
1,2108,868480,500.0
1,2109,868980,500.0
1,2110,869480,500.0
1,2111,869980,500.0
1,2112,870480,500.0
1,2113,870980,500.0
1,2114,871480,500.0
1,2115,871980,500.0
1,2116,872480,500.0
1,2117,872980,500.0
1,2118,873480,500.0
1,2119,873980,500.0
1,2120,874480,500.0
1,2121,874980,500.0
1,2122,875480,500.0
1,2123,875980,500.0
1,2124,876480,500.0
1,2125,876980,500.0
1,2126,877480,500.0
1,2127,877980,500.0
1,2128,878480,500.0
1,2129,878980,500.0
1,2130,879480,500.0
1,2131,879980,500.0
1,2132,880480,500.0
1,2133,880980,500.0
1,2134,881480,500.0
1,2135,881980,500.0
1,2136,882480,500.0
1,2137,882980,500.0
1,2138,883480,500.0
1,2139,883980,500.0
1,2140,884480,500.0
1,2141,884980,500.0
1,2142,885480,500.0
1,2143,885980,500.0
1,2144,886480,500.0
1,2145,886980,500.0
1,2146,887480,500.0
1,2147,887980,500.0
1,2148,888480,500.0
1,2149,888980,500.0
1,2150,889480,500.0
1,2151,889980,500.0
1,2152,890480,500.0
1,2153,890980,500.0
1,2154,891480,500.0
1,2155,891980,500.0
1,2156,892480,500.0
1,2157,892980,500.0
1,2158,893480,500.0
1,2159,893980,500.0
1,2160,894480,500.0
1,2161,894980,500.0
1,2162,895480,500.0
1,2163,895980,500.0
1,2164,896480,500.0
1,2165,896980,500.0
1,2166,897480,500.0
1,2167,897980,500.0
1,2168,898480,500.0
1,2169,898980,500.0
1,2170,899480,500.0
1,2171,899980,500.0
1,2172,900480,500.0
1,2173,900980,500.0
1,2174,901480,500.0
1,2175,901980,500.0
1,2176,902480,500.0
1,2177,902980,500.0
1,2178,903480,500.0
1,2179,903980,500.0
1,2180,904480,500.0
1,2181,904980,500.0
1,2182,905480,500.0
1,2183,905980,500.0
1,2184,906480,500.0
1,2185,906980,500.0
1,2186,907480,500.0
1,2187,907980,500.0
1,2188,908480,500.0
1,2189,908980,500.0
1,2190,909480,500.0
1,2191,909980,500.0
1,2192,910480,500.0
1,2193,910980,500.0
1,2194,911480,500.0
1,2195,911980,500.0
1,2196,912480,500.0
1,2197,912980,500.0
1,2198,913480,500.0
1,2199,913980,500.0
1,2200,914480,500.0
1,2201,914980,500.0
1,2202,915480,500.0
1,2203,915980,500.0
1,2204,916480,500.0
1,2205,916980,500.0
1,2206,917480,500.0
1,2207,917980,500.0
1,2208,918480,500.0
1,2209,918980,500.0
1,2210,919480,500.0
1,2211,919980,500.0
1,2212,920480,500.0
1,2213,920980,500.0
1,2214,921480,500.0
1,2215,921980,500.0
1,2216,922480,500.0
1,2217,922980,500.0
1,2218,923480,500.0
1,2219,923980,500.0
1,2220,924480,500.0
1,2221,924980,500.0
1,2222,925480,500.0
1,2223,925980,500.0
1,2224,926480,500.0
1,2225,926980,500.0
1,2226,927480,500.0
1,2227,927980,500.0
1,2228,928480,500.0
1,2229,928980,500.0
1,2230,929480,500.0
1,2231,929980,500.0
1,2232,930480,500.0
1,2233,930980,500.0
1,2234,931480,500.0
1,2235,931980,500.0
1,2236,932480,500.0
1,2237,932980,500.0
1,2238,933480,500.0
1,2239,933980,500.0
1,2240,934480,500.0
1,2241,934980,500.0
1,2242,935480,500.0
1,2243,935980,500.0
1,2244,936480,500.0
1,2245,936980,500.0
1,2246,937480,500.0
1,2247,937980,500.0
1,2248,938480,500.0
1,2249,938980,500.0
1,2250,939480,500.0
1,2251,939980,500.0
1,2252,940480,500.0
1,2253,940980,500.0
1,2254,941480,500.0
1,2255,941980,500.0
1,2256,942480,500.0
1,2257,942980,500.0
1,2258,943480,500.0
1,2259,943980,500.0
1,2260,944480,500.0
1,2261,944980,500.0
1,2262,945480,500.0
1,2263,945980,500.0
1,2264,946480,500.0
1,2265,946980,500.0
1,2266,947480,500.0
1,2267,947980,500.0
1,2268,948480,500.0
1,2269,948980,500.0
1,2270,949480,500.0
1,2271,949980,500.0
1,2272,950480,500.0
1,2273,950980,500.0
1,2274,951480,500.0
1,2275,951980,500.0
1,2276,952480,500.0
1,2277,952980,500.0
1,2278,953480,500.0
1,2279,953980,500.0
1,2280,954480,500.0
1,2281,954980,500.0
1,2282,955480,500.0
1,2283,955980,500.0
1,2284,956480,500.0
1,2285,956980,500.0
1,2286,957480,500.0
1,2287,957980,500.0
1,2288,958480,500.0
1,2289,958980,500.0
1,2290,959480,500.0
1,2291,959980,500.0
1,2292,960480,500.0
1,2293,960980,500.0
1,2294,961480,500.0
1,2295,961980,500.0
1,2296,962480,500.0
1,2297,962980,500.0
1,2298,963480,500.0
1,2299,963980,500.0
1,2300,964480,500.0
1,2301,964980,500.0
1,2302,965480,500.0
1,2303,965980,500.0
1,2304,966480,500.0
1,2305,966980,500.0
1,2306,967480,500.0
1,2307,967980,500.0
1,2308,968480,500.0
1,2309,968980,500.0
1,2310,969480,500.0
1,2311,969980,500.0
1,2312,970480,500.0
1,2313,970980,500.0
1,2314,971480,500.0
1,2315,971980,500.0
1,2316,972480,500.0
1,2317,972980,500.0
1,2318,973480,500.0
1,2319,973980,500.0
1,2320,974480,500.0
1,2321,974980,500.0
1,2322,975480,500.0
1,2323,975980,500.0
1,2324,976480,500.0
1,2325,976980,500.0
1,2326,977480,500.0
1,2327,977980,500.0
1,2328,978480,500.0
1,2329,978980,500.0
1,2330,979480,500.0
1,2331,979980,500.0
1,2332,980480,500.0
1,2333,980980,500.0
1,2334,981480,500.0
1,2335,981980,500.0
1,2336,982327,347.0
1,2337,982827,500.0
1,2338,983327,500.0
1,2339,983827,500.0
1,2340,984327,500.0
1,2341,984827,500.0
1,2342,985327,500.0
1,2343,985827,500.0
1,2344,986327,500.0
1,2345,986827,500.0
1,2346,987327,500.0
1,2347,987827,500.0
1,2348,988327,500.0
1,2349,988827,500.0
1,2350,989327,500.0
1,2351,989827,500.0
1,2352,990327,500.0
1,2353,990827,500.0
1,2354,991327,500.0
1,2355,991827,500.0
1,2356,992327,500.0
1,2357,992827,500.0
1,2358,993222,395.0
1,2359,993722,500.0
1,2360,994222,500.0
1,2361,994722,500.0
1,2362,995222,500.0
1,2363,995722,500.0
1,2364,996222,500.0
1,2365,996722,500.0
1,2366,997222,500.0
1,2367,997722,500.0
1,2368,998222,500.0
1,2369,998722,500.0
1,2370,999222,500.0
1,2371,999722,500.0
1,2372,1000222,500.0
1,2373,1000722,500.0
1,2374,1001222,500.0
