Episode,Mean Total Reward,Std Dev,Smoothed Mean Return
1,28.8,13.731715115017497,28.8
2,19.2,4.749736834815167,24.0
3,30.0,13.711309200802088,26.0
4,24.8,12.319090875547595,25.7
5,17.8,4.069397989875161,24.119999999999997
6,38.4,20.28398382961296,26.5
7,16.8,2.4819347291981715,25.114285714285717
8,17.2,3.815756805667783,24.125
9,16.8,4.261455150532504,23.311111111111114
10,25.4,12.97073629367277,23.52
11,19.2,8.207313811473277,23.12727272727273
12,15.0,8.049844718999243,22.45
13,18.0,4.857983120596447,22.107692307692307
14,28.2,11.034491379306976,22.542857142857144
15,14.4,1.624807680927192,22.0
16,30.4,16.74037036627326,22.525
17,27.2,9.867117106835208,22.8
18,26.6,13.108775686539152,23.01111111111111
19,23.6,6.216108107168021,23.042105263157897
20,17.0,4.427188724235731,22.740000000000002
21,25.2,11.754148203932091,22.56
22,21.6,14.77294825009551,22.68
23,31.4,21.218859535799748,22.75
24,18.6,3.878143885933063,22.44
25,18.2,5.418486873657626,22.46
26,26.0,17.401149387324963,21.84
27,32.0,24.99599967994879,22.6
28,22.4,16.0822883943797,22.86
29,17.2,6.675327707311454,22.88
30,33.6,14.853955702101715,23.29
31,16.6,3.2,23.160000000000004
32,31.8,17.19767426136453,24.0
33,21.8,8.704022058795578,24.19
34,18.4,9.221713506718803,23.7
35,15.6,6.740919818541086,23.759999999999998
36,20.2,9.303762679690406,23.25
37,29.4,28.9039789648415,23.36
38,20.4,12.799999999999999,23.05
39,32.8,18.225257199831226,23.509999999999998
40,16.8,3.54400902933387,23.5
41,24.8,9.703607576566563,23.48
42,18.6,10.150862032359617,23.33
43,21.2,8.399999999999999,22.82
44,15.2,3.6,22.65
45,21.6,8.616263691415206,22.82
46,25.2,9.19565114605812,22.779999999999998
47,25.0,12.47397290361014,22.43
48,15.2,5.2687759489277965,22.07
49,14.8,4.261455150532504,21.95
50,26.2,15.612815249018995,21.580000000000002
51,19.4,8.014985963805552,21.72
52,22.2,4.833218389437829,21.240000000000002
53,18.0,5.440588203494177,21.05
54,18.6,8.064738061462382,21.06
55,17.2,6.64529909033446,21.14
56,28.2,16.203703280423277,21.54
57,14.6,3.7202150475476548,20.8
58,15.2,8.565045242145542,20.54
59,21.2,6.144916598294887,19.96
60,18.8,5.81033561853358,20.06
61,22.8,12.139192724394814,19.96
62,17.8,5.635601121442148,19.919999999999998
63,21.8,8.657944328765346,19.95
64,20.0,14.601369798755183,20.189999999999998
65,36.0,28.376046236218322,20.91
66,25.0,22.609732417700126,20.9
67,26.2,15.791136754521505,20.96
68,25.4,13.305637902783918,21.470000000000002
69,17.0,4.560701700396552,21.580000000000002
70,23.4,10.365326815879952,21.439999999999998
71,24.6,10.55651457631732,21.7
72,23.4,9.221713506718803,21.759999999999998
73,21.0,9.143303560529969,21.91
74,13.2,2.9257477676655586,21.639999999999997
75,19.0,9.591663046625438,21.729999999999997
76,16.2,4.534313619501853,21.130000000000003
77,16.8,5.3814496188294845,21.24
78,16.2,2.7856776554368237,21.29
79,10.8,2.315167380558045,20.77
80,19.0,7.3484692283495345,20.779999999999998
81,13.8,3.867815921162743,20.33
82,26.6,18.423897524682445,20.770000000000003
83,17.0,5.329165037789691,20.53
84,27.2,22.71915491386068,20.89
85,14.0,3.8987177379235853,19.79
86,20.2,10.64706532336493,19.55
87,16.0,3.03315017762062,19.04
88,24.0,10.198039027185569,18.97
89,17.4,5.462600113499065,18.990000000000002
90,15.4,4.586937976471886,18.59
91,20.8,13.13620949893842,18.4
92,21.2,8.009993757800315,18.29
93,17.4,5.314132102234569,18.11
94,23.8,17.713271860387625,18.64
95,26.0,12.601587201618692,18.990000000000002
96,42.6,23.516802503741875,20.31
97,33.2,14.99866660740214,21.130000000000003
98,27.8,14.958609561052123,21.71
99,16.6,12.273548794053006,22.0
100,18.6,7.337574531137657,21.98
101,24.0,7.014271166700073,22.490000000000002
102,18.4,9.830564581955606,22.08
103,14.6,3.7202150475476548,21.96
104,25.4,10.63202708800161,21.869999999999997
105,23.2,12.056533498481228,22.330000000000002
106,19.4,8.380930735902785,22.29
107,25.2,18.247191564731267,22.75
108,18.8,7.95989949685296,22.490000000000002
109,21.2,13.977124167724918,22.68
110,25.0,13.069047402163633,23.16
111,26.6,15.014659503298768,23.45
112,17.8,5.979966555090422,23.28
113,33.2,17.747112441183212,24.07
114,20.2,3.54400902933387,23.89
115,17.8,6.177378084592201,23.48
116,20.8,7.4404300950953095,22.39
117,12.2,1.32664991614216,21.34
118,16.8,3.54400902933387,20.79
119,15.0,4.049691346263317,20.71
120,25.0,19.01578291840754,21.03
121,11.4,1.3564659966250536,20.4
122,19.6,10.892199043352083,20.46
123,13.8,4.791659420284375,20.419999999999998
124,22.0,13.069047402163633,20.25
125,17.2,6.8527366796047255,19.95
126,16.2,1.5999999999999999,19.79
127,20.4,10.836973747315254,19.55
128,15.8,6.554387843269575,19.4
129,13.4,4.223742416388575,19.009999999999998
130,20.4,12.419339757008018,18.78
131,16.6,3.9799497484264794,18.279999999999998
132,14.4,5.161395160225576,18.11
133,15.6,6.343500610861483,17.229999999999997
134,13.0,3.1622776601683795,16.869999999999997
135,22.2,12.859237924542807,17.09
136,25.0,20.31748015872047,17.3
137,14.4,3.2,17.41
138,15.6,2.4166091947189146,17.35
139,19.2,8.49470423263812,17.56
140,25.4,9.520504188329523,17.58
141,26.6,11.92644121270046,18.34
142,12.6,6.280127387243033,17.99
143,27.0,17.60681686165901,18.65
144,18.2,12.998461447417537,18.46
145,35.4,28.534890923218892,19.369999999999997
146,23.4,16.057397049335236,19.729999999999997
147,27.6,16.930445948054647,20.09
148,25.0,15.270887335056859,20.55
149,18.8,10.979981785048643,20.82
150,12.6,1.624807680927192,20.43
151,24.4,13.77824371971987,20.82
152,17.4,9.58331884056875,20.97
153,25.4,6.740919818541087,21.46
154,22.2,5.946427498927402,21.92
155,44.0,31.06766808114185,23.009999999999998
156,11.0,1.4142135623730951,22.31
157,16.4,6.019966777316964,22.41
158,24.2,8.084553172563094,22.839999999999996
159,16.8,7.19444229944198,22.72
160,11.8,2.993325909419153,22.04
161,17.8,12.155657119218196,21.6
162,24.6,17.79438113562818,22.2
163,22.4,8.73155198117723,21.970000000000002
164,26.6,13.850631754544628,22.389999999999997
165,32.4,18.423897524682445,22.240000000000002
166,27.8,15.210522673465235,22.46
167,11.8,1.8330302779823358,21.669999999999998
168,26.6,11.11035552986492,21.75
169,12.8,0.7483314773547883,21.45
170,24.0,15.297058540778355,22.020000000000003
171,26.0,14.38054240979804,22.1
172,20.8,11.702991070662234,22.270000000000003
173,20.6,5.535341001239218,22.029999999999998
174,17.2,8.908422980528035,21.779999999999998
175,22.0,15.633297796690243,20.68
176,11.6,2.4166091947189146,20.71
177,38.0,23.05645245912736,21.79
178,13.2,4.019950248448356,21.240000000000002
179,33.8,25.763540129415446,22.09
180,40.8,34.59132839311032,23.54
181,22.6,15.239422561238992,23.779999999999998
182,19.6,13.184839779079608,23.53
183,28.8,17.451647486698786,23.85
184,18.6,6.343500610861482,23.45
185,31.2,14.218298069740978,23.39
186,12.8,2.5612496949731396,22.639999999999997
187,37.4,23.862941981239445,23.92
188,18.6,7.939773296511683,23.52
189,19.4,14.374978260853126,23.85
190,15.4,6.8,23.419999999999998
191,34.8,25.716920499935444,23.86
192,19.0,12.441864811996632,23.77
193,19.6,10.44222198576529,23.72
194,12.6,2.8000000000000003,23.490000000000002
195,14.8,2.4,23.130000000000003
196,14.2,3.4871191548325386,23.259999999999998
197,18.4,12.043255373859678,22.28
198,17.0,11.15347479487895,22.47
199,15.0,3.7416573867739413,21.53
200,15.6,6.468384651518492,20.27
201,16.0,9.143303560529969,19.94
202,23.2,10.264501936285072,20.119999999999997
203,21.6,12.674383614203887,19.759999999999998
204,15.2,4.664761515876241,19.59
205,14.2,3.1240998703626617,18.74
206,17.6,7.964923100695951,18.98
207,26.6,23.243063481391605,18.44
208,13.0,4.33589667773576,18.160000000000004
209,38.8,23.489572154468885,19.13
210,20.4,15.88206535687346,19.380000000000003
211,41.6,23.660938273872404,19.72
212,19.2,12.464349160706307,19.729999999999997
213,26.2,12.139192724394816,20.060000000000002
214,23.8,13.717142559585799,20.619999999999997
215,15.2,3.1874754901018454,20.64
216,30.0,21.559220765138985,21.43
217,15.2,4.019950248448357,21.270000000000003
218,13.8,3.4871191548325386,21.11
219,28.0,24.60081299469593,21.76
220,41.2,28.03854489805061,23.04
221,40.0,15.824032355881986,24.240000000000002
222,24.8,20.073863604199367,24.32
223,27.4,12.595237195067032,24.61
224,23.8,10.457533169921097,25.04
225,43.2,20.913153755471697,26.490000000000002
226,27.0,20.9093280618962,26.96
227,47.0,29.099828178186893,27.98
228,41.6,39.64643741876438,29.409999999999997
229,28.6,17.6022725805505,28.9
230,33.0,16.673332000533065,29.53
231,34.4,26.257189491642094,29.169999999999998
232,24.8,12.155657119218196,29.45
233,36.0,15.21840990379744,29.940000000000005
234,15.6,7.631513611335565,29.53
235,18.8,14.620533505997653,29.71
236,36.0,27.914154115788644,30.01
237,23.0,10.99090533122727,30.4
238,26.2,16.9162643630324,31.020000000000003
239,37.8,22.355312567709714,31.51
240,18.4,9.13454979733539,30.369999999999997
241,21.4,9.951884243699784,29.439999999999998
242,24.6,14.527215837867903,29.43
243,37.6,25.827117531772686,29.939999999999998
244,12.2,1.469693845669907,29.359999999999996
245,31.8,17.2441294358399,28.79
246,17.4,7.059745037889116,28.309999999999995
247,14.4,2.33238075793812,26.679999999999996
248,35.2,19.681463360228072,26.359999999999996
249,32.0,13.6088206689632,26.53
250,15.8,7.678541528180987,25.669999999999998
251,32.4,15.932357013323546,25.57
252,20.0,8.899438184514796,25.33
253,33.8,13.407460609675496,25.220000000000002
254,24.8,17.010584939971935,25.68
255,28.0,21.78072542409917,26.139999999999997
256,18.6,10.707007051459339,25.27
257,22.2,9.987992791347018,25.229999999999997
258,12.2,2.315167380558045,24.53
259,22.4,8.822698000045111,23.759999999999998
260,30.2,23.961636004246454,24.35
261,18.8,9.389355675444401,24.220000000000002
262,31.4,15.107613974417006,24.56
263,27.6,12.753038853543888,24.06
264,24.8,9.53729521405309,24.69
265,18.8,10.979981785048645,24.04
266,22.4,14.880860190190619,24.29
267,18.8,10.684568311354464,24.509999999999998
268,13.4,2.939387691339814,23.419999999999998
269,19.4,10.248902380255165,22.79
270,21.6,9.329523031752482,23.08
271,24.6,16.81190054693401,22.69
272,18.0,8.602325267042627,22.59
273,18.0,9.528903399657276,21.8
274,33.0,19.026297590440446,22.21
275,28.4,25.989228537992425,22.229999999999997
276,12.4,2.33238075793812,21.92
277,19.6,15.21315220458929,21.79
278,25.8,18.432579851990337,22.47
279,25.2,13.6,22.61
280,33.4,13.169662106523463,22.77
281,13.4,5.043808085167397,22.5
282,21.0,14.546477236774544,21.98
283,35.8,17.232527382830416,22.39
284,11.6,1.624807680927192,21.729999999999997
285,36.4,28.38732111348304,22.61
286,28.4,25.279240494919936,22.91
287,13.8,4.707440918375928,22.66
288,21.8,13.196969349058898,23.080000000000002
289,17.6,10.091580649234292,22.990000000000002
290,20.8,16.19135571840728,22.95
291,11.2,1.1661903789690602,22.279999999999998
292,13.6,6.770524351924302,22.06
293,20.8,12.496399481450648,22.2
294,46.0,31.349641146271516,22.85
295,16.8,6.675327707311455,22.27
296,36.2,23.986662960903917,23.46
297,28.2,22.577865266672134,23.89
298,26.4,24.80806320533709,23.919999999999998
299,41.6,21.058015101143795,24.740000000000002
300,31.0,17.378147196982766,24.619999999999997
301,37.6,28.848570155208733,25.830000000000002
302,29.2,18.345571672749802,26.24
303,18.6,13.850631754544628,25.38
304,27.8,25.39606268695996,26.190000000000005
305,25.0,11.966620241321273,25.619999999999997
306,31.2,10.419213022104884,25.76
307,33.6,22.843817544359784,26.75
308,17.8,10.43839068055991,26.55
309,31.0,13.099618315050252,27.22
310,47.2,27.051062825700583,28.54
311,24.0,10.13903348450926,29.18
312,27.0,8.87693640846886,29.85
313,23.2,11.668761716651858,29.970000000000006
314,26.4,12.2245654319489,28.990000000000002
315,31.0,11.15347479487895,29.7
316,14.2,5.418486873657627,28.6
317,27.8,12.221292893961753,28.580000000000002
318,29.6,14.192955999368138,28.740000000000002
319,19.4,7.059745037889116,27.630000000000003
320,16.6,7.683749084919419,26.910000000000004
321,19.0,10.237187113655782,25.98
322,20.0,9.423375191511797,25.52
323,30.2,18.88279640307547,26.1
324,23.8,17.33666634621547,25.9
325,20.4,11.740528097151337,25.669999999999998
326,19.8,9.389355675444403,25.1
327,21.6,9.264987857520376,24.5
328,36.8,22.955609336282055,25.45
329,14.6,5.499090833947008,24.63
330,17.4,8.97997772825746,23.14
331,26.0,17.308957218735046,23.240000000000002
332,14.4,5.083306010855534,22.61
333,12.8,4.445222154178574,22.09
334,28.2,19.415457759218555,22.18
335,16.4,6.6211781428987395,21.45
336,26.4,12.7216351150314,22.06
337,33.8,30.48540634467581,22.36
338,12.6,2.0591260281974,21.509999999999998
339,20.0,13.475904422338413,21.54
340,24.2,14.2464030548065,21.919999999999998
341,26.6,16.230834852218788,22.3
342,33.2,16.01749044014074,22.96
343,18.8,11.754148203932091,22.39
344,33.0,14.394443372357264,22.85
345,34.6,9.156418513807678,23.56
346,27.6,18.799999999999997,23.95
347,31.2,16.726027621644057,24.43
348,31.0,15.594870951694341,24.139999999999997
349,36.6,21.546229368499723,25.240000000000002
350,20.8,14.260434775980709,25.41
351,25.6,18.18350901228913,25.389999999999997
352,12.6,1.3564659966250536,25.3
353,22.0,13.92838827718412,25.76
354,24.0,16.649324310613927,25.55
355,25.2,10.703270528207721,25.990000000000002
356,21.6,13.016912076218384,25.75
357,19.4,17.805617091243988,25.029999999999998
358,35.2,19.85346317396539,26.160000000000004
359,21.2,14.455448799674121,26.22
360,21.8,18.616122045152153,26.1
361,19.4,7.337574531137657,25.74
362,32.2,17.56587601003719,25.690000000000005
363,14.6,7.83836717690617,25.48
364,32.0,21.531372459738837,25.43
365,44.2,22.85957129956728,25.910000000000004
366,21.2,13.862178760930766,25.59
367,26.4,12.955307792561317,25.35
368,15.8,7.025667228100119,24.59
369,25.4,13.54400236266961,24.03
370,12.8,4.166533331199932,23.630000000000003
371,20.8,8.304215796810679,23.39
372,13.4,5.535341001239218,23.43
373,16.2,7.730459236035076,23.14
374,16.4,8.73155198117723,22.759999999999998
375,19.2,8.084553172563094,22.46
376,38.2,32.93265856258799,23.29
377,14.6,7.3647810558087885,23.05
378,19.4,7.735631842325486,22.259999999999998
379,22.0,12.505998560690786,22.3
380,22.8,10.552724766618336,22.35
381,31.4,19.764614845728715,22.95
382,16.4,4.127953488110059,22.16
383,23.0,9.186947262284681,22.58
384,12.0,3.687817782917155,21.58
385,16.8,9.108238029388561,20.21
386,30.0,17.378147196982766,20.65
387,32.6,13.893883546366725,20.96
388,25.0,10.059821071967434,21.42
389,25.6,22.73851358378555,21.43
390,26.4,6.8585712797928995,22.11
391,17.4,11.959933110180843,21.94
392,13.8,4.534313619501853,21.96
393,30.4,14.677874505527019,22.669999999999998
394,18.6,10.05186549850325,22.78
395,21.4,15.742934923323544,22.889999999999997
396,28.2,14.551975810864997,22.389999999999997
397,31.0,12.214745187681975,23.21
398,26.0,18.297540818372287,23.54
399,23.0,15.658863304850707,23.589999999999996
400,21.2,12.890306435457616,23.509999999999998
401,34.0,29.03790626061046,23.64
402,38.6,29.64186228967404,24.75
403,27.6,18.693314312876677,24.98
404,18.2,7.05407683541936,25.29
405,45.6,14.374978260853128,26.73
406,20.6,13.865064009949611,26.26
407,33.0,18.973665961010276,26.28
408,29.0,6.6932802122726045,26.48
409,20.8,7.467261881037788,26.240000000000002
410,23.6,11.943198901466893,26.1
411,30.6,17.647662734764623,26.76
412,30.8,11.548160026601641,27.610000000000003
413,27.4,11.038115781237304,27.459999999999997
414,23.8,19.528440797974632,27.720000000000006
415,18.8,10.870142593360955,27.589999999999996
416,46.6,18.21647605877712,28.51
417,20.8,12.796874618437112,28.0
418,27.2,14.661514246489002,28.060000000000002
419,15.2,8.49470423263812,27.670000000000005
420,19.2,8.28009661779378,27.57
421,20.6,10.34601372510205,26.9
422,34.2,23.094588110637524,26.68
423,28.8,19.84338680769994,26.74
424,30.8,10.759182125050211,27.369999999999997
425,21.4,15.512575543732254,26.160000000000004
426,30.4,11.253443917308159,26.65
427,13.6,3.3823069050575527,25.68
428,34.8,23.232735525546705,25.97
429,36.6,18.74673304872078,26.76
430,31.6,13.184839779079608,27.160000000000004
431,37.6,27.368595141146724,27.509999999999998
432,34.0,22.829805080201627,27.669999999999998
433,26.2,11.232096865679177,27.610000000000003
434,26.8,15.714961024450552,27.759999999999998
435,31.2,19.332873557751316,28.380000000000003
436,29.4,24.4834638072312,27.52
437,27.4,10.461357464497617,27.85
438,26.4,16.942254867637896,27.810000000000002
439,33.8,22.542404485768593,28.74
440,34.0,15.17893276880822,29.48
441,16.0,10.526157893552615,29.25
442,39.2,19.661129163911212,29.5
443,15.4,6.343500610861483,28.830000000000002
444,39.0,23.332380932943813,29.240000000000002
445,24.4,16.81190054693401,29.389999999999997
446,30.6,17.556765077883796,29.4
447,19.4,11.586198686368192,29.689999999999998
448,11.4,1.0198039027185568,28.52
449,19.4,14.880860190190619,27.659999999999997
450,24.8,17.95995545651492,27.32
451,34.8,31.44137401577736,27.179999999999996
452,30.8,13.804347141389918,27.02
453,22.8,12.998461447417537,26.85
454,26.8,14.246403054806501,26.85
455,29.6,11.672189169131897,26.77
456,29.2,15.702229141112417,26.76
457,22.8,10.684568311354464,26.53
458,24.2,9.947864092356712,26.419999999999998
459,19.8,10.684568311354464,25.72
460,25.4,11.740528097151337,25.29
461,33.2,19.446336415890784,26.15
462,40.6,10.594338110519221,26.22
463,40.0,5.621387729022079,27.45
464,45.0,20.513410247932935,27.75
465,23.2,11.356055653262711,27.690000000000005
466,30.4,10.287856919689348,27.68
467,31.8,10.419213022104886,28.3
468,24.8,15.727682601069999,28.97
469,25.2,12.6237870704476,29.259999999999998
470,22.0,13.914021704740868,29.119999999999997
471,26.4,13.093509842666327,28.7
472,43.4,20.382345301755638,29.330000000000002
473,28.0,8.099382692526634,29.590000000000003
474,43.4,5.0039984012787215,30.419999999999998
475,37.6,17.00117642988273,30.82
476,30.0,16.540858502508268,30.860000000000003
477,26.8,16.581917862539303,31.059999999999995
478,33.8,15.354478174135387,31.54
479,30.4,6.374950980203691,32.07
480,49.6,10.36532681587995,33.279999999999994
481,42.4,12.370933675353692,33.74
482,45.8,13.347658970770867,34.0
483,30.0,11.063453348751466,33.5
484,28.4,14.430523206037957,32.67
485,29.6,15.486768546084754,32.989999999999995
486,32.4,11.655041827466773,33.089999999999996
487,34.8,19.983993594874875,33.24
488,35.8,14.161920773680384,33.79
489,19.2,14.455448799674123,33.49
490,21.4,8.754427451295715,33.46
491,20.2,11.196428001822724,33.14999999999999
492,17.8,7.573638491504595,31.869999999999997
493,21.4,9.046546302318914,31.54
494,18.2,10.107423014794621,30.28
495,28.4,18.74673304872078,29.82
496,40.0,15.760710643876436,30.32
497,50.0,16.589153082662175,31.48
498,24.4,10.150862032359617,31.009999999999998
499,22.6,10.744300814850634,30.619999999999997
500,18.6,14.430523206037957,29.07
501,24.8,10.979981785048643,28.189999999999998
502,36.6,16.942254867637896,27.73
503,21.8,11.178550889985697,27.32
504,27.4,16.37803407005859,27.27
505,19.6,8.114185110040317,26.77
506,23.4,13.215142829345432,26.32
507,25.2,14.743133995185692,25.839999999999996
508,29.6,10.384603988597735,25.53
509,29.0,16.504544828622205,26.02
510,14.4,6.437390775772433,25.669999999999998
511,29.6,17.442476888332116,26.139999999999997
512,27.8,13.934130758680283,26.639999999999997
513,30.0,16.828547174370104,27.07
514,30.4,9.76933979345585,27.679999999999996
515,18.8,9.239047569960878,27.2
516,27.4,13.154466921924278,26.57
517,27.8,12.749901960407382,25.46
518,31.8,11.651609330903607,25.830000000000002
519,31.8,17.151093259614676,26.29
520,30.0,14.127986409959489,26.860000000000003
521,35.4,16.81190054693401,27.390000000000004
522,22.6,10.63202708800161,26.690000000000005
523,23.8,11.356055653262713,26.79
524,23.2,7.756287771866127,26.580000000000002
525,27.6,11.706408501329518,26.979999999999997
526,46.0,17.81010948871455,28.110000000000003
527,29.4,17.77188791321845,28.320000000000004
528,17.6,6.887670143089026,27.720000000000006
529,26.6,19.652989594461197,27.6
530,21.6,14.10815367083872,27.96
531,16.0,9.57078889120432,27.28
532,32.6,18.227451824103117,27.52
533,28.8,12.560254774486067,27.459999999999997
534,30.6,25.302964253225355,27.47
535,36.4,16.71645895517349,28.35
536,16.6,7.657675887630659,27.810000000000002
537,24.4,11.84229707446997,27.639999999999997
538,32.4,13.440238093129155,27.670000000000005
539,25.8,12.607934009979589,27.369999999999997
540,27.8,12.576167937809991,27.259999999999998
541,22.8,13.407460609675496,26.630000000000003
542,28.2,14.119490075778232,26.910000000000004
543,17.6,13.215142829345433,26.6
544,18.0,10.507140429250958,26.340000000000003
545,29.6,20.065891457894413,26.439999999999998
546,18.2,10.457533169921097,25.05
547,19.8,10.283968105745954,24.57
548,28.8,8.908422980528034,25.130000000000003
549,20.0,9.899494936611665,24.8
550,28.6,14.677874505527019,25.15
551,21.0,12.280065146407,25.4
552,23.8,14.204224723651764,24.96
553,26.4,14.03709371629327,24.84
554,20.2,12.155657119218196,24.32
555,27.0,11.916375287812984,23.85
556,33.0,18.49324200890693,24.67
557,30.6,11.447270417003349,24.979999999999997
558,27.8,24.67711490429949,24.75
559,28.8,10.047885349664377,24.9
560,14.0,4.516635916254486,24.21
561,22.2,15.14463601411404,24.18
562,30.6,13.245376551838758,24.3
563,32.4,12.90891165048394,25.04
564,25.8,16.06735821471595,25.43
565,22.6,10.44222198576529,25.080000000000002
566,26.4,12.515590277729611,25.490000000000002
567,20.0,11.135528725660043,25.5
568,30.8,10.166612021711067,25.6
569,26.6,13.836184445142381,25.93
570,24.2,12.12270596855339,25.71
571,42.6,27.989998213647674,26.790000000000003
572,20.6,10.537551897855591,26.629999999999995
573,22.0,11.278297743897348,26.409999999999997
574,26.4,16.977632343763364,26.72
575,20.2,9.26066952223218,26.380000000000003
576,34.0,21.34478859112922,26.43
577,22.4,13.61763562443936,26.02
578,27.8,17.915356541246954,26.02
579,28.8,16.004999218994044,26.02
580,30.2,14.878171930717834,26.830000000000002
581,21.8,12.983065893693986,26.809999999999995
582,30.6,25.679563859224714,26.810000000000002
583,26.0,12.633289357883005,26.490000000000002
584,32.0,10.583005244258363,26.8
585,18.2,8.97552226892675,26.580000000000002
586,18.8,10.186265262597475,26.2
587,37.8,5.912698199637793,27.089999999999996
588,53.8,16.09223415191315,28.24
589,18.6,8.867919710958146,27.839999999999996
590,27.8,12.6237870704476,28.020000000000003
591,33.2,17.302023003105734,27.55
592,25.6,18.478095139921756,27.8
593,19.6,10.781465577554844,27.68
594,35.2,13.13620949893842,28.119999999999997
595,24.0,12.049896265113654,28.309999999999995
596,25.8,12.221292893961751,27.9
597,22.8,10.457533169921097,27.919999999999998
598,32.4,13.705473359209451,28.15
599,27.0,12.58570617804182,28.059999999999995
600,31.2,12.416118556135006,28.110000000000003
601,34.6,13.92264342716569,28.75
602,21.8,14.579437574886077,28.309999999999995
603,37.6,14.065560778013793,28.889999999999997
604,30.2,8.182909018191515,28.8
605,18.0,6.782329983125268,28.790000000000003
606,22.6,12.026637102698327,28.979999999999997
607,45.2,15.302287410710857,29.35
608,36.2,20.123617964968425,28.470000000000006
609,26.0,7.874007874011811,28.840000000000003
610,36.4,17.3735431043872,29.27
611,25.2,10.943491216243563,28.869999999999997
612,29.6,14.840485167271318,29.07
613,30.2,18.861601204563733,29.6
614,24.0,12.601587201618692,29.040000000000003
615,27.6,13.032267646115928,29.220000000000006
616,33.6,13.77824371971987,29.609999999999996
617,19.0,13.885243966167826,29.419999999999998
618,36.0,15.05988047761336,29.6
619,25.6,12.815615474880635,29.53
620,32.2,9.66229786334493,29.580000000000002
621,41.8,10.92520022699813,29.939999999999998
622,31.8,10.796295661012625,30.440000000000005
623,29.4,8.867919710958146,30.03
624,42.2,3.8678159211627436,30.629999999999995
625,27.0,12.312595177297109,31.079999999999995
626,26.4,11.77454882362802,31.270000000000003
627,29.8,14.330387294138285,30.5
628,34.6,12.338557452149743,30.419999999999998
629,31.2,10.979981785048643,30.679999999999996
630,27.0,14.296852800529214,30.209999999999997
631,25.0,11.454256850621082,30.2
632,33.8,11.754148203932091,30.410000000000004
633,22.8,14.634206503941373,30.04
634,29.6,16.353592877407703,30.32
635,27.2,8.158431221748456,30.3
636,23.0,14.505171491574997,29.770000000000003
637,26.0,15.270887335056859,30.120000000000005
638,26.2,19.993999099729898,29.630000000000003
639,22.8,14.09113196304683,29.490000000000002
640,33.2,13.526270735128733,29.54
641,23.8,12.936769303036984,28.640000000000004
642,32.8,19.27070315271345,28.689999999999998
643,37.8,17.92651667223725,29.110000000000003
644,39.0,13.594116374373144,28.95
645,38.4,15.615377036754508,29.52
646,33.6,13.602940858505562,29.879999999999995
647,33.2,7.833262411026456,30.05
648,28.8,13.731715115017497,29.76
649,31.8,10.552724766618336,29.790000000000003
650,36.4,12.467557900406959,30.26
651,35.4,5.0039984012787215,30.78
652,30.4,16.057397049335236,30.610000000000003
653,37.4,14.402777509911065,31.340000000000003
654,29.4,10.170545708072895,31.330000000000002
655,20.4,10.011992808627062,30.99
656,38.6,4.715930449020639,31.77
657,31.8,11.160645142642965,32.059999999999995
658,35.2,21.51650529244933,32.510000000000005
659,35.6,13.661625086350451,33.15
660,33.4,13.676256797823008,33.160000000000004
661,33.4,12.175385004179539,33.64
662,25.0,11.171392035015153,33.25
663,35.6,16.206171663906314,33.14
664,35.0,6.723094525588644,32.94
665,35.0,5.932958789676531,32.769999999999996
666,34.4,12.338557452149745,32.809999999999995
667,30.6,18.7040102651811,32.68
668,29.4,9.604165762834375,32.709999999999994
669,31.2,17.825823964125753,32.68
670,35.6,15.755633912984905,32.64
671,45.0,10.788883167408942,33.120000000000005
672,39.6,4.31740662898458,33.58
673,39.8,15.367498169838838,33.7
674,37.4,10.248902380255165,34.1
675,33.6,11.253443917308159,34.760000000000005
676,34.4,11.84229707446997,34.55
677,35.8,9.495261976375375,34.75
678,22.2,10.906878563548783,34.1
679,30.0,10.119288512538814,33.82
680,26.6,15.47384890710776,33.480000000000004
681,28.8,10.419213022104884,33.25
682,20.8,13.775340286178052,33.04
683,31.4,11.637869220780924,32.83
684,28.4,10.461357464497617,32.5
685,33.4,20.635891063872187,32.42
686,20.6,11.568923891183656,31.73
687,22.8,15.43243337908834,31.339999999999996
688,31.2,11.651609330903607,31.43
689,28.4,12.642784503423286,31.29
690,29.6,11.271202242884296,30.990000000000002
691,24.8,11.651609330903607,29.979999999999997
692,25.4,13.821722034536798,29.27
693,28.0,13.114877048604,28.679999999999996
694,37.8,15.651198037211081,28.7
695,41.6,8.16333265278342,29.1
696,26.0,12.680693987317888,28.68
697,20.8,11.232096865679177,27.93
698,53.2,11.01635148313633,29.48
699,41.4,5.782732917920384,30.05
700,39.0,1.4142135623730951,30.669999999999998
701,32.0,12.505998560690786,30.830000000000002
702,27.6,14.164744967700619,31.170000000000005
703,32.6,3.3823069050575527,31.229999999999997
704,27.8,14.288456879593403,31.2
705,25.4,11.892854997854805,30.8
706,29.0,8.461678320522472,31.22
707,14.6,6.916646586316233,30.810000000000002
708,34.8,4.069397989875161,30.99
709,23.8,13.075167302944923,30.76
710,17.6,9.156418513807678,30.159999999999997
711,22.4,13.850631754544628,30.040000000000003
712,23.2,9.346657156438337,29.93
713,28.6,14.987995196156156,29.96
714,24.0,15.21840990379744,29.27
715,28.8,9.80612053770501,28.629999999999995
716,22.0,10.099504938362077,28.429999999999996
717,28.6,14.813507349712966,28.82
718,33.4,11.324310133513652,27.829999999999995
719,31.4,11.217842929904126,27.330000000000002
720,22.2,9.620810776644554,26.49
721,28.8,13.407460609675494,26.330000000000002
722,38.6,15.602563891873668,26.880000000000003
723,26.8,14.441606558828557,26.589999999999996
724,37.6,17.071613866298637,27.080000000000002
725,27.0,13.841965178398622,27.160000000000004
726,34.6,15.107613974417006,27.439999999999998
727,28.2,15.328405005087777,28.119999999999997
728,23.8,11.124747188138704,27.57
729,25.8,19.701776569639605,27.669999999999998
730,30.4,13.632314550361578,28.310000000000002
731,37.2,16.9162643630324,29.05
732,38.4,15.107613974417006,29.810000000000002
733,28.4,10.248902380255165,29.8
734,38.2,7.573638491504595,30.51
735,30.2,10.419213022104884,30.580000000000002
736,36.0,15.019986684414869,31.28
737,40.2,19.26032190800559,31.860000000000003
738,36.8,20.79807683416907,32.03
739,39.0,17.1697408250678,32.41
740,31.0,9.549869109050658,32.85
741,30.2,3.9698866482558417,32.92
742,30.6,11.672189169131899,32.52
743,37.4,10.632027088001612,33.05
744,18.8,14.133647795243803,32.11
745,42.2,18.258148865643527,32.87
746,29.0,10.256705123966467,32.59
747,23.4,13.154466921924278,32.35
748,38.0,10.019980039900279,33.06
749,30.6,12.499599993599796,33.3
750,36.0,10.862780491200215,33.58
751,32.2,11.989995829857492,33.33
752,34.6,5.083306010855534,33.14
753,33.4,24.162781296862327,33.39
754,43.8,18.551549800488367,33.67
755,26.2,15.354478174135387,33.47
756,39.0,11.135528725660043,33.620000000000005
757,36.8,4.534313619501854,33.45
758,29.2,17.05754964817632,33.07
759,41.8,18.400000000000002,33.21
760,21.0,12.198360545581526,32.71
761,30.2,10.906878563548785,32.709999999999994
762,34.2,13.24235628579748,32.89
763,32.4,10.892199043352083,32.64
764,24.6,11.77454882362802,32.93
765,17.4,13.821722034536798,31.689999999999998
766,28.2,14.837789592793126,31.65
767,31.6,18.979989462589277,32.06
768,26.6,12.737346662472527,31.490000000000002
769,34.4,14.192955999368138,31.68
770,34.2,18.22525719983123,31.589999999999996
771,25.0,10.844353369380768,31.229999999999997
772,28.4,14.786480311419618,30.920000000000005
773,33.0,17.052858997833766,30.9
774,33.2,12.351518125315609,30.369999999999997
775,31.4,11.271202242884296,30.630000000000003
776,29.0,14.01427843308388,30.129999999999995
777,33.8,2.6381811916545836,29.98
778,24.2,12.874781551544865,29.73
779,28.0,14.737706741552431,29.04
780,25.8,13.614697940094006,29.28
781,22.2,10.067770358922575,28.880000000000003
782,24.6,14.263239463740346,28.4
783,19.6,9.3936148526539,27.76
784,37.4,20.382345301755635,28.4
785,23.2,9.620810776644555,28.690000000000005
786,30.4,19.293522228976233,28.8
787,27.4,8.499411744350311,28.589999999999996
788,31.8,12.796874618437112,28.85
789,39.6,18.05103875127412,29.109999999999996
790,34.2,21.976350925483512,29.110000000000003
791,39.4,7.002856560004639,29.830000000000002
792,38.0,13.594116374373144,30.309999999999995
793,42.4,11.99333148045196,30.779999999999994
794,33.6,3.4985711369071804,30.8
795,39.0,7.4565407529228995,31.18
796,32.2,18.967340351245873,31.340000000000003
797,36.0,14.724129855444769,31.45
798,33.4,13.602940858505562,31.910000000000004
799,31.6,10.091580649234292,32.09
800,35.8,13.991425945914163,32.589999999999996
801,36.0,15.924823389915506,33.28
802,29.4,11.499565209172042,33.519999999999996
803,38.8,3.655133376499413,34.480000000000004
804,34.0,11.7983049630021,34.31
805,39.0,10.449880382090505,35.1
806,24.8,11.303096920755834,34.82
807,32.4,4.176122603564219,35.07
808,35.4,3.7202150475476548,35.24999999999999
809,34.4,10.61319932913728,34.99
810,29.8,15.038616957685969,34.769999999999996
811,27.2,13.481839637082173,34.160000000000004
812,26.2,13.317657451669195,33.57
813,16.6,8.708616422830897,32.28
814,32.8,20.370567002417975,32.239999999999995
815,31.0,12.569805089976535,31.839999999999996
816,29.6,12.043255373859678,31.709999999999997
817,22.2,13.962807740565648,31.02
818,32.4,18.347751905887545,30.97
819,27.2,18.214280112043955,30.75
820,26.6,12.467557900406959,30.29
821,33.2,12.718490476467718,30.15
822,29.8,9.10823802938856,30.169999999999998
823,24.6,12.41933975700802,29.459999999999997
824,38.4,10.44222198576529,29.679999999999996
825,31.4,19.438106903708498,29.3
826,31.4,1.3564659966250536,29.630000000000003
827,40.2,8.399999999999999,30.02
828,29.8,9.15204895091804,29.740000000000002
829,35.8,15.14463601411404,29.809999999999995
830,33.8,14.358272876638054,30.01
831,36.8,7.807688518377254,30.49
832,47.0,10.862780491200215,31.53
833,34.0,13.957077057894322,32.4
834,38.2,11.513470371699404,32.67
835,32.6,10.762899237658969,32.75
836,28.4,13.047605144240073,32.69
837,40.6,8.42852300228219,33.61
838,41.0,10.059821071967434,34.04
839,33.4,13.124023773218335,34.35
840,39.0,17.25108692227826,34.970000000000006
841,18.8,9.15204895091804,34.25
842,24.6,12.467557900406959,33.99
843,38.8,16.975276139138355,34.7
844,26.6,12.531560158256434,34.11
845,42.0,11.661903789690601,34.64
846,32.0,18.686893802876924,34.67
847,36.8,14.661514246489002,34.5
848,24.8,11.720068259186888,34.25
849,31.8,12.367699866992245,34.05
850,34.0,14.628738838327793,34.06
851,27.0,11.949895397031725,33.57
852,23.2,15.065191668213185,32.38
853,26.8,11.42628548566856,32.019999999999996
854,18.0,12.58570617804182,31.01
855,32.6,3.9293765408777,31.01
856,39.2,15.104966070799366,31.55
857,28.4,9.850888284819801,30.940000000000005
858,27.2,11.872657663724665,30.25
859,30.4,4.2708313008125245,30.1
860,30.8,8.840814442120138,29.689999999999998
861,25.4,11.976643937263894,30.02
862,21.4,11.99333148045196,29.859999999999996
863,22.2,10.49571341072154,29.03
864,28.2,10.303397497913007,29.110000000000003
865,32.8,12.139192724394814,28.65
866,24.8,14.851262572589578,28.29
867,25.8,14.878171930717834,27.740000000000002
868,37.4,16.668533228811707,28.369999999999997
869,30.0,16.769019053003667,28.28
870,32.4,18.20549367636044,28.2
871,28.6,15.882065356873458,28.28
872,25.4,11.740528097151337,28.389999999999997
873,16.4,12.387090053761618,27.869999999999997
874,25.8,12.432216214336043,28.26
875,32.6,15.919798993705918,28.26
876,25.4,10.537551897855593,27.57
877,29.4,17.153425313913253,27.619999999999997
878,42.4,8.452218643646175,28.380000000000003
879,30.8,12.023310692151309,28.399999999999995
880,21.6,13.632314550361578,27.939999999999998
881,24.6,13.124023773218335,27.9
882,47.4,20.567936211491904,29.2
883,45.4,10.55651457631732,30.359999999999996
884,38.6,2.5768197453450252,30.880000000000003
885,36.6,4.673328578219168,31.07
886,37.6,5.425863986500215,31.71
887,39.6,10.071742649611338,32.4
888,35.2,9.826494797230598,32.29
889,33.0,11.40175425099138,32.44
890,43.8,5.81033561853358,33.010000000000005
891,28.8,10.12719112093773,33.019999999999996
892,35.4,12.955307792561317,33.519999999999996
893,48.6,14.677874505527019,35.13
894,24.4,9.024411338142782,35.059999999999995
895,29.0,10.059821071967434,34.879999999999995
896,36.2,12.302845199383759,35.42
897,29.8,11.63443165779919,35.44
898,26.8,8.565045242145542,34.660000000000004
899,27.0,7.238784428341543,34.470000000000006
900,38.2,16.04244370412438,35.3
901,24.4,13.763720427268202,35.29
902,26.2,12.188519188154071,34.230000000000004
903,24.8,14.019985734657507,33.2
904,26.2,11.651609330903607,32.58
905,29.6,23.096320053203282,32.230000000000004
906,29.2,16.387800340497197,31.810000000000002
907,21.8,11.391224692718513,30.919999999999998
908,23.4,14.430523206037957,30.330000000000002
909,30.6,14.650597257449949,30.21
910,38.2,11.070682002478437,29.929999999999996
911,38.4,3.4409301068170506,30.410000000000004
912,37.6,14.867414032036642,30.520000000000003
913,25.6,7.787168933572714,29.369999999999997
914,24.6,10.55651457631732,29.380000000000003
915,48.0,7.92464510246358,30.330000000000002
916,23.0,9.879271228182775,29.669999999999998
917,25.8,19.229144546755066,29.470000000000006
918,34.6,4.586937976471886,29.859999999999996
919,41.4,17.884071124886525,30.580000000000002
920,35.8,6.645299090334459,30.46
921,27.4,13.763720427268202,30.609999999999996
922,17.8,8.68101376568428,30.190000000000005
923,23.0,14.587666023048376,30.1
924,26.4,14.164744967700619,30.110000000000003
925,36.2,7.332121111929345,30.439999999999998
926,36.2,16.363373735266208,30.79
927,32.8,19.46689497583012,31.339999999999996
928,27.4,8.064738061462382,31.540000000000003
929,25.2,12.023310692151309,31.27
930,27.0,12.263767773404714,30.71
931,31.6,17.165080832900262,30.369999999999997
932,32.4,8.867919710958146,30.109999999999996
933,35.2,4.621688003316537,30.590000000000003
934,32.4,12.642784503423286,30.98
935,25.4,11.412274094149685,29.85
936,37.2,16.117071694324622,30.560000000000002
937,34.8,13.044539087296261,31.009999999999998
938,31.6,10.537551897855593,30.860000000000003
939,25.6,11.84229707446997,30.07
940,32.0,24.955961211702505,29.880000000000003
941,34.8,12.983065893693986,30.25
942,30.0,15.671630419327785,30.859999999999996
943,36.6,19.8353220291479,31.54
944,33.8,10.833282051160673,31.909999999999997
945,28.2,14.985326155943353,31.51
946,36.4,12.257242756835648,31.52
947,31.4,2.5768197453450252,31.45
948,43.4,11.092339699089639,32.25
949,35.8,15.471263684650973,32.78
950,34.6,11.859173664298874,33.160000000000004
951,26.0,11.575836902790225,32.88
952,38.6,3.4985711369071804,33.19
953,24.4,10.594338110519223,32.65
954,33.4,19.23122460999299,32.7
955,30.0,15.073154945133417,32.93
956,37.8,5.192301994298868,32.959999999999994
957,30.0,11.916375287812984,32.72
958,36.2,6.554387843269575,32.95
959,30.8,7.413501197140255,33.209999999999994
960,38.8,10.476640682967037,33.55
961,35.2,9.064215354899728,33.57
962,34.2,10.925200226998129,33.78
963,37.0,13.769531582446804,33.8
964,45.4,11.723480711802276,34.38
965,43.6,10.403845442911962,35.15
966,37.2,6.584831053261731,35.19
967,32.8,18.988417522268676,35.260000000000005
968,39.4,10.63202708800161,35.059999999999995
969,33.8,4.707440918375928,34.959999999999994
970,30.8,9.826494797230598,34.769999999999996
971,28.2,14.105318146004363,34.879999999999995
972,30.8,8.795453370918409,34.49
973,33.2,3.54400902933387,34.92999999999999
974,40.0,3.521363372331802,35.260000000000005
975,34.0,12.24744871391589,35.46
976,31.0,11.189280584559492,35.120000000000005
977,29.4,9.76933979345585,35.09
978,38.4,9.372299611087985,35.2
979,36.8,12.702755606560334,35.5
980,36.2,6.523802572120037,35.37
981,28.0,9.838699100999074,35.010000000000005
982,38.6,7.418894796396563,35.230000000000004
983,23.4,10.365326815879952,34.55
984,31.2,9.96794863550169,33.839999999999996
985,36.4,8.06473806146238,33.480000000000004
986,23.2,9.947864092356712,32.78
987,26.0,13.885243966167826,32.44
988,30.4,9.478396488858229,31.99
989,28.0,10.237187113655782,31.7
990,34.8,17.72455923288362,31.9
991,31.6,4.223742416388575,32.07000000000001
992,32.4,11.038115781237304,32.15
993,31.0,9.57078889120432,32.04
994,24.8,11.737120600896969,31.279999999999994
995,39.6,10.384603988597735,31.559999999999995
996,33.4,19.293522228976233,31.68
997,30.0,9.033271832508971,31.709999999999997
998,18.6,13.245376551838758,30.72
999,32.6,10.892199043352083,30.51
1000,37.8,17.565876010037186,30.589999999999996
